OSM_ID,NAME,Region,Area_ha,2001,2002,2003,2004,2005,2006,2007,2008,2009,2010,2011,2012,2013,2014,2015,2016,2017,2018,2019,2020
-1853863,Черноярский район,AST,"422099,7","94,25","98,3","69,6","122,1","113,9","100,4","81,35","88,15","90,45","132,8","94,25","102,45","106,65001","89,4","74,5","91,35","102,10001","90,6","92,85","74,45"
-1853856,Енотаевский район,AST,"629744,5","79,36667","79,4","62,06667","100,06667","100,33334","78,86667","72,83333","74,66667","83,36667","113,8","94,66667","82,63333","85,36667","69,8","70,3","74,76667","82,83333","68,4","84,1","57,16667"
-1853861,Харабалинский район,AST,"772909,2","73,825","85,775","64,075","92,475","90,05","75,125","76,1","68,375","78,825","100,525","91,425","73,2","76,7","69,25","66,85","81,25","77,725","64,3","83,025","55,575"
-1957535,Камызякский район,AST,340731,"65,66484","70,44329","70,02599","76,63047","88,52041","69,48678","79,61601","70,52079","86,15448","104,63801","103,6797","57,51282","73,5854","60,91064","76,06048","81,21095","71,21063","61,89351","83,9298","56,05519"
-1863174,Красноярский район,AST,"530581,3","63,3","78,95","67,25","77,65","81,1",71,"78,15","69,45","78,75","94,05","93,9","59,75","67,55","62,3","67,1","83,6","70,4","57,8","84,4","54,25"
-1853857,Лиманский район,AST,"528105,4","74,85","69,75","66,5","89,65","96,1","71,15","74,45","74,3",87,"110,1","104,85","67,7","75,1","62,7","77,95","76,65","75,3","66,5","83,9","56,45"
-1957534,Икрянинский район,AST,"198861,6","68,85","68,3","67,6","80,35","93,9","70,2","75,9","70,1","85,5","107,5","102,8",62,"75,6","60,95",76,"76,75","72,65","62,05","84,2","55,35"
-1853865,городской округ Астрахань,AST,"20811,1","64,16856","70,69988","67,66817","76,77346","86,86379","68,85619","78,16572","69,54639","82,69034","101,571","99,35374","57,67835","72,15142","60,70735","71,36354","79,38763","69,77332","59,15374","85,4366","54,90245"
-1853860,Наримановский район,AST,"613142,8","73,1","71,06667","62,8","88,9","95,06667","71,43333","72,56667","70,83334","84,03334","108,6","99,63334",70,"76,93333","62,63333","72,56667","74,4","74,7","62,1","84,7","54,66667"
-1863176,Приволжский район,AST,"79072,5","61,89078","71,85346","68,72003","74,33962","83,6175","68,1061","79,30561","69,11191","81,88188","99,18267","98,65065","55,08847","70,42331","60,47177","70,33934","80,91533","68,44854","58,47017","85,32723","54,81391"
-1863175,Володарский район,AST,"407211,5","59,97472","74,8334","72,5617","73,86566","80,14943","69,63943","80,34547","70,9051","85,17887","96,69491","99,57679","55,31114","69,50302","61,06264","70,34849","88,58905","70,0051","59,21113","85,38283","57,20208"
-938660,Юстинский район,KL,"756395,4","78,25","75,4","60,6","99,1","96,05","75,55","67,75","72,45","83,2","111,05","91,95","82,5","82,65","66,85","68,9","71,7","81,55","68,15","79,95","55,6"
-1850408,Ахтубинский район,AST,"789796,8","87,55","99,725","67,3","110,125","104,125","92,65","83,625","79,225","81,725","120,075","92,45","91,325","95,15","84,8","69,025","87,45","93,9","80,4","90,95","69,075"
-1749734,Надтеречный район,CE,"89417,9","120,03094","144,15774","98,60508","161,78304","140,90381","114,08727","102,81438","104,49028","118,16584","169,76678","145,29777","103,99266","121,86352","118,53437","128,01586","138,86458","107,52063","145,03489","122,84275","99,71029"
-1749727,Ачхой-Мартановский район,CE,"107622,7","201,13188","261,78749","190,07355","278,83727","239,49263","199,57055","184,6118","180,39883","177,2104","292,67766","244,00337","152,92105","195,45504","181,66325","214,84494","241,05662","166,22874","244,01811","188,5131","184,27033"
-1749728,Веденский район,CE,"91222,2","211,00848","286,85642","204,70916","295,48204","250,58817","195,0511","185,04715","188,94211","185,11878","327,06553","259,70108","167,16222","208,86593","188,50819","232,83601","260,35651","173,0174","261,21103","197,61818","202,98424"
-1749742,Шатойский район,CE,"88507,3","245,14876","329,36501","246,08367","334,31912","285,88608","235,47789","227,84393","221,79149","212,85642","376,31731","298,99089","189,43142","234,28231","212,10536","261,22357","293,13343","195,06288","293,67467","222,32418","231,04719"
-1749726,городской округ Аргун,CE,"4422,7","122,60001","154,70001","108,7","169,8","141,39999","106,7","102,1","105,3","106,2","181,3","148,2","97,6","123,3","115,5","133,7","147,8","104,60001","152,5","117,9","108,1"
-1749743,Шелковской район,CE,"297397,3","100,8081","122,37989","93,47554","135,54574","117,89661","83,99166","90,26932","84,73142","98,3112","143,33123","121,97616","86,42331","99,6067","92,96987","107,78155","118,66286","87,55384","116,39952","101,04302","85,56281"
-1749741,Шаройский район,CE,"52234,4","246,84411","331,88765","248,49402","336,70137","287,61784","237,41392","229,5153","223,19914","214,37209","378,85444","301,0881","190,61589","236,07858","213,19905","263,45868","295,07741","196,24617","295,6316","223,70519","232,85302"
-1749739,Урус-Мартановский район,CE,"63698,1","148,5294","190,70959","135,74078","206,43567","174,6901","137,65032","129,28101","130,63648","130,0526","217,93338","178,94917","116,68257","147,15788","137,32555","160,62346","178,33009","124,94634","182,56409","141,07934","132,835"
-1749736,Наурский район,CE,"219356,4","113,10001","135,05","96,65","151,55","131,5","98,05","99,2","96,8","107,35","158,1","132,4","95,6","112,40001","107,9","118,85","129,8","98,55","131,95","113,6","92,05"
-1749731,Гудермесский район,CE,"70683,1","112,87858","149,03705","107,00111","160,07858","137,0584","102,16963","95,96513","99,92019","100,34827","173,27747","139,13926","94,76852","117,2595","108,79883","128,7921","144,59099","100,35277","145,51568","116,20111","106,58988"
-1749738,Сунженский район,CE,"21170,8","141,8","182,5","126,3","202,20001","173,70001","136,3","122,8","127,2","127,4","200,89999","165,8","114,4","141,70001","133,70001","154,10001","169,10001","121,5","174,5","136,20001","122,9"
-1749740,Шалинский район,CE,"61693,1","123,79605","157,46235","111,23247","171,83358","143,72932","108,69405","103,82716","106,93671","107,57768","184,16509","150,04577","99,07126","124,73842","116,56588","135,61553","150,29163","105,86046","154,42025","119,76918","110,36384"
-1749729,Грозненский район,CE,"150236,3","128,55323","162,76292","114,20214","179,39643","151,74346","115,81031","109,46702","112,17963","113,6323","186,26767","152,94365","103,20786","128,58493","120,98344","139,39721","153,64435","109,82015","158,05346","123,90275","111,88236"
-1749733,Курчалоевский район,CE,43038,"113,15634","149,19885","107,04965","160,35634","137,18245","102,29907","96,14041","100,0739","100,51547","173,50669","139,39815","94,84942","117,4321","108,99029","128,93233","144,68268","100,47413","145,71524","116,24965","106,63302"
-1749732,Итум-Калинский район,CE,126703,"281,51499","372,37219","279,66752","382,14766","327,76367","281,34405","267,46249","253,20171","244,2261","422,61966","348,80005","208,00079","267,86506","244,75655","297,57719","338,01114","225,23099","337,45386","257,5443","267,81255"
-1957640,городской округ Грозный,CE,"32334,6","123,32909","155,75566","109,36833","171,03032","142,62652","107,82399","102,88604","106,13161","107,00502","182,04427","148,86832","98,23794","123,9987","116,19111","134,47464","148,60883","105,24175","153,3354","118,59491","108,662"
-1749737,Ножай-Юртовский район,CE,"62395,8","154,23563","208,29337","147,47947","218,52826","185,77215","140,27168","131,79016","137,27884","136,50395","239,10267","190,4824","125,87104","156,97941","142,98676","174,07791","194,88935","131,54206","195,67527","151,25836","148,41896"
-1858755,Табасаранский район,DA,"80197,8","110,1818","175,96459","172,1096","189,27318","158,22939","123,70741","105,49163","123,33737","127,30164","192,87982","147,71468","104,64266","135,06703","97,17459","155,0294","160,79298","100,15072","170,88073","100,65137","102,42413"
-1858751,Ногайский район,DA,"879835,6","92,16","101,1","79,24","116,4",111,"79,2","86,6","88,48","95,42","124,2","115,26","81,08","86,32","84,38",94,"99,9","82,06","94,6","95,02","72,2"
-1858726,Кайтагский район,DA,"68990,6","111,52502","165,49075","149,1285","181,31967","144,24512","116,59837","103,14611","110,0301","117,66483","183,63121","142,96773","101,49209","129,86148","97,5936","148,31081","153,3744","97,855","162,13059","101,16426","103,74763"
-1858729,Кизилюртовский район,DA,"53641,1","86,76693","119,20959","92,57953","130,05533","113,22733","83,43893","75,50173","79,96179","91,2396","146,53245","119,97067","77,19353","97,48466","85,613","107,74166","122,00173","82,71333","122,87033","95,53587","89,38193"
-1858724,Докузпаринский район,DA,"49887,3","176,64857","272,05802","286,50293","297,20976","244,08924","212,80541","179,9302","192,74293","213,52392","305,15683","229,28729","157,22328","202,74808","145,15489","242,52608","240,04226","155,60025","256,96831","162,93074","168,45546"
-1858761,Хунзахский район,DA,56850,"197,59867","264,98281","192,66525","271,59138","223,96672","176,35835","165,19764","172,34","168,52929","300,96484","233,32691","153,59946","194,67669","171,00371","217,8666","241,35729","156,88797","243,33398","177,81387","186,82695"
-1858728,Каякентский район,DA,"85377,1","97,88283","145,51058","131,27948","158,86819","128,84207","103,31557","90,21009","96,69563","105,07279","161,68166","129,54293","91,51949","115,78145","86,91691","131,01636","137,19179","87,39614","146,90697","90,57469","91,84658"
-1858760,Хивский район,DA,"46356,8","134,5908","213,17576","204,31241","228,40899","188,7905","148,41941","128,74518","147,91374","152,41941","235,46875","175,22298","120,4638","161,41166","118,41478","186,77038","191,08096","120,213","199,24489","121,79004","126,81553"
-1858721,Гунибский район,DA,"64570,3","207,58665","300,33486","238,16994","313,75707","250,42492","207,15669","190,44328","194,76282","193,17341","337,18902","252,78702","165,68383","215,81415","178,79725","249,70984","262,24977","170,35469","266,03998","189,3062","201,33816"
-1858730,Кизлярский район,DA,"365068,7","77,35956","96,49468","81,75259","109,55254","97,58462","69,88882","71,45846","70,40931","88,89093","117,84327","105,18618","72,97503","82,97247","71,08716","90,60292","100,00611","73,65489","94,1756","81,67469","71,65847"
-1858769,городской округ Избербаш,DA,"3499,4","71,6","106,9","97,5","115,8","102,6","78,3","65,7","69,3","85,9","127,3",107,"72,2",89,"67,4","98,8","108,8","68,2","118,1","73,5","73,4"
-1858763,Цунтинский район,DA,"125536,2","267,58944","370,45249","295,401","377,48156","305,91482","268,98431","252,04273","243,29587","236,64323","412,4583","329,92842","205,24305","266,58646","223,95149","304,47563","320,80666","212,13205","323,36335","240,74415","260,13875"
-1858775,городской округ Южно-Сухокумск,DA,"799,8","88,8",90,"74,9","106,4","108,7","76,4","83,1","83,5","91,8","117,4","111,1","76,4","79,4","79,9","86,8","92,4","78,4","85,8","91,3","67,1"
-1858752,Рутульский район,DA,"214414,8","193,30508","287,53743","263,05324","309,04903","259,92006","224,62586","199,08413","185,62581","196,43806","347,79284","252,8141","153,98923","216,7679","166,44897","255,92674","256,85492","167,32191","265,48454","180,22488","194,18526"
-1858723,Дербентский район,DA,"98985,3","88,6414","144,11476","142,29152","152,89075","132,16112","102,20764","84,67394","102,41329","105,07016","154,69453","125,48897","88,21028","112,5728","80,31439","126,91173","133,74167","83,33203","146,28884","82,88794","82,31188"
-1858749,Магарамкентский район,DA,"60214,1","87,51313","142,88052","148,28849","154,77888","132,58348","102,0008","83,89983","103,64769","107,11562","154,67271","122,6288","92,54908","110,76424","76,04598","126,36571","133,14159","81,40422","146,23029","79,98573","77,99487"
-1858762,Цумадинский район,DA,"110615,2","253,0577","351,88317","271,36546","361,17933","294,09678","249,02996","233,25215","231,78541","224,63367","393,89745","313,29075","197,12288","253,6135","217,11528","288,00815","308,16361","203,84489","310,34139","230,99509","247,36029"
-1858768,городской округ Дербент,DA,"8829,1","88,41162","143,72759","141,3417","152,05808","131,76431","101,88942","84,35415","102,06141","104,63195","154,0141","125,46619","87,57738","112,34834","80,4222","126,46431","133,26722","83,23818","145,92614","82,83382","82,32801"
-1858725,Казбековский район,DA,"58336,5","130,29267","174,74176","128,99162","183,52967","154,72228","118,2755","109,51234","114,93374","119,22559","204,99718","161,89951","106,17026","134,29406","118,73753","149,18476","167,04939","110,91958","168,30214","127,13724","126,1611"
-1858770,городской округ Кизилюрт,DA,"2286,8","90,7","123,6","93,7","134,40001","116,2",86,"78,2","82,5","92,2","150,89999","121,8",79,100,"88,7","110,6","124,7",85,"125,5","98,60001","91,6"
-1858719,Гергебильский район,DA,"35344,5","167,73232","233,36022","179,30998","242,77785","197,86413","157,12516","145,42932","151,0619","149,42873","264,79475","200,88401","133,97885","170,90885","145,0355","194,26383","210,64474","136,13706","214,68898","151,79549","158,73368"
-1858734,Лакский район,DA,71393,"182,84302","264,37598","218,58181","277,65641","225,19785","185,31492","171,12681","169,30681","170,91567","302,02782","221,65898","146,0113","192,90488","155,41237","224,29588","232,26022","150,80492","237,86332","163,84562","173,61153"
-1858764,Чародинский район,DA,"114458,4","215,21112","313,46809","256,01425","330,12863","265,45965","222,75035","204,93499","204,30379","204,89252","357,72002","268,9945","171,50379","227,3086","187,27629","263,73679","275,00916","179,15288","278,57896","200,21325","214,86699"
-1858773,городской округ Каспийск,DA,"3551,5","71,6","106,9","97,5","115,8","102,6","78,3","65,7","69,3","85,9","127,3",107,"72,2",89,"67,4","98,8","108,8","68,2","118,1","73,5","73,4"
-1858765,Шамильский район,DA,89325,"231,97184","333,92737","261,01276","348,44721","276,66329","232,0677","213,07768","219,22717","213,62399","373,66493","287,89675","184,55382","240,45437","201,70946","276,29375","291,4586","190,94374","294,55986","214,10947","230,17713"
-1858732,Кумторкалинский район,DA,"118429,7","78,6249","111,3469","93,25062","122,23645","108,08915","78,9703","70,34141","75,55931","90,42756","138,6671","117,72656","74,30789","93,05002","78,78776","102,90468","117,83411","77,90805","119,33359","88,35413","85,57119"
-1858717,Ботлихский район,DA,"71516,6","223,15661","306,22758","213,95842","315,62216","266,42731","203,3513","191,35369","199,25271","196,35102","347,9181","275,72803","177,35953","222,8509","200,05145","248,94463","277,83735","183,35495","278,73888","209,24699","217,24796"
-1858774,городской округ Хасавюрт,DA,"4859,1","90,7","123,6","93,7","134,40001","116,2",86,"78,2","82,5","92,2","150,89999","121,8",79,100,"88,7","110,6","124,7",85,"125,5","98,60001","91,6"
-1858735,Левашинский район,DA,"83569,9","155,9911","222,31274","178,56989","232,82326","187,64478","149,65694","139,51384","142,02385","142,11889","250,09192","184,61692","126,40812","162,16037","132,28016","186,8867","197,01887","127,30801","202,6276","137,9991","143,84928"
-1858731,Кулинский район,DA,65789,"191,43241","280,98742","241,34805","297,0886","247,61239","208,47378","184,70104","179,73748","185,57531","331,84457","241,22817","152,33025","208,73477","163,8324","244,51919","249,75077","161,90181","257,37163","173,91176","184,91683"
-1858757,Тляратинский район,DA,"156546,4","226,4159","328,63057","271,50577","347,05347","276,77627","238,2079","220,02989","216,10627","212,87647","374,57438","290,03446","179,53577","240,59685","198,13301","277,33048","288,00931","190,16798","291,42088","213,14557","231,83007"
-1858766,городской округ Буйнакск,DA,"2287,1","123,6","172,8","133,5","182,7","151,40001","115,9","105,1","112,4","112,2","199,40001","152,8","102,8","128,89999","110,1","145,5","161,7","103,40001","166,90001","115,7","118,10001"
-1858714,Ахвахский район,DA,"29762,5","227,99309","315,58879","225,40546","326,03839","271,5205","211,70918","198,36223","206,0873","201,84033","357,0439","282,69227","181,21347","229,30246","203,31872","257,3092","283,93509","187,47589","285,21993","213,25343","223,35259"
-1858758,Унцукульский район,DA,"55128,1","183,27879","243,89182","177,67102","249,95842","206,28705","161,72634","151,36195","158,57483","154,97706","277,72295","215,00534","142,52778","180,12793","158,19152","201,08404","223,81821","144,95735","226,2303","164,14001","172,02871"
-1858713,Акушинский район,DA,"63585,4","166,35428","238,05221","192,65182","248,68901","199,31446","160,40281","150,40668","151,45446","151,54645","266,45325","194,9164","133,85409","172,68571","139,49745","199,954","208,36201","134,9711","214,05259","145,30391","152,24495"
-1858756,Тарумовский район,DA,"387750,6","80,65","89,15","77,05","104,65","99,65","68,25","75,1","76,15","88,55","111,5","105,80001","71,55",79,"70,4","86,7","91,55","73,75","82,1","82,7","66,35"
-1858754,Сулейман-Стальский район,DA,"65528,6","100,74796","163,33019","164,30557","176,48899","148,72438","115,46562","97,21387","116,0268","119,46562","178,57013","137,40911","100,07513","125,73148","88,42446","144,21495","150,71849","92,65272","161,49028","92,27388","92,49855"
-1858759,Хасавюртовский район,DA,"143572,6","94,96644","128,12661","96,14991","138,98189","119,99802","88,86647","81,75988","85,66508","93,82626","154,54017","124,87136","82,18543","103,06074","92,39591","113,76442","128,10773","87,84697","128,72263","101,82001","94,14921"
-1858727,Карабудахкентский район,DA,"154110,3","90,89468","131,52523","111,42214","140,92821","120,75553","92,4877","80,53668","85,3966","95,93669","154,04935","123,98948","83,70257","104,03984","83,13108","116,4588","128,47298","81,30398","136,33059","89,00848","89,8641"
-1858715,Ахтынский район,DA,"106383,3","172,27559","262,84725","272,71007","287,78143","235,92902","206,62625","179,10557","181,97106","200,54063","300,18594","222,19077","148,67645","196,34635","141,61787","235,02556","231,28345","150,74116","246,19796","158,76956","166,80825"
-1963798,городской округ Махачкала,DA,"111851,9","83,86423","119,9261","101,20756","130,04357","113,56993","84,84569","74,77273","79,75904","92,73456","145,09681","120,2907","78,35133","97,67591","80,46474","108,60702","122,23465","79,19549","126,50588","88,36976","87,18954"
-1858718,Буйнакский район,DA,"180608,7","138,85167","189,997","143,48801","198,73638","164,99561","127,23405","116,82719","123,78362","123,73655","218,92617","169,27435","112,88018","142,04852","122,87064","159,38202","177,43146","114,49218","181,36859","128,9974","132,31278"
-1858720,Гумбетовский район,DA,"68849,8","202,29265","271,4096","193,9666","278,18778","231,47514","179,93805","169,0809","176,51032","172,8036","308,53821","241,11129","157,90441","199,23639","176,70529","222,3112","247,71543","161,68594","249,35492","183,75405","192,22463"
-1858712,Агульский район,DA,"81990,8","163,55962","252,38206","233,38408","269,41257","223,95267","182,15494","158,51988","169,86202","176,10742","288,5032","211,55645","137,81852","190,1436","143,09707","221,67902","225,09315","143,6822","232,77978","148,98786","157,64851"
-1858722,Дахадаевский район,DA,"73264,9","134,82682","198,33762","174,06872","214,06413","172,85996","141,86019","126,25888","129,49254","136,31607","225,29381","170,33629","116,13308","151,89359","116,57871","175,17594","180,49494","115,94711","188,70453","121,94019","126,8818"
-1858767,городской округ Дагестанские Огни,DA,"3971,1","87,6","141,8","136,10001",148,"129,60001","100,3","82,9","100,1","102,4","150,7","125,5","84,5","111,3","81,2","124,3","130,90001","82,9","144,10001","82,8","82,7"
-1858771,городской округ Кизляр,DA,"3357,8","83,7","104,5",86,"116,9","102,9","74,2","75,8","71,60001","91,7","125,3","109,5","77,4","87,5",77,"95,2","106,4","76,8","102,2","86,3","76,8"
-1858733,Курахский район,DA,"67402,6","143,9377","226,79218","215,84042","242,74128","199,98063","158,10427","137,75096","156,68105","161,78266","251,27085","185,89983","126,30398","171,16076","126,47263","198,53629","202,1877","127,84499","209,90532","130,08381","136,32575"
-1858750,Новолакский район,DA,29102,"94,88552","128,68874","97,86205","139,54592","121,16488","89,49874","82,15936","86,53306","94,28642","154,66873","126,59293","83,31579","103,97736","93,14263","114,56994","129,62867","88,50468","130,47229","102,14406","95,10616"
-1858753,Сергокалинский район,DA,"56683,9","105,10196","153,70973","136,66843","169,33063","133,77821","108,73385","96,44407","101,19716","109,31687","170,70106","134,78357","96,66767","121,81968","91,88974","138,55724","143,97537","92,02975","153,02078","95,55016","97,38324"
-1858716,Бабаюртовский район,DA,"326402,9","77,8","98,75","83,85","111,8","98,8","71,7","71,85","68,3","89,35",121,"106,3","73,8","84,65","72,35","92,5","103,15","74,1","98,6","82,45","73,75"
-938732,Городовиковский район,KL,"110473,2","149,17099","114,31679","102,38309","212,90652","157,94309","145,86063","117,11174","138,56623","151,0101","183,64816","147,93438","131,25379","135,29447","143,83191","137,19346","150,31897","133,21058","157,37419","131,83939","91,98605"
-938659,Ики-Бурульский район,KL,"639673,2","86,93333","74,7","67,8","120,8","101,73333","82,3","82,23333","85,36667","92,53333","116,3","99,63334","80,93333","80,16667","82,13333","77,7","88,9","82,16667","87,06667","86,56667","61,36667"
-938734,Лаганский район,KL,"519025,6","75,17725","74,4577","75,0526","90,8812","98,21811","70,69306","76,18333","73,86764","86,76228","110,42573","107,03308","66,44284","75,10536","64,72069","81,68929","81,4669","72,8902","69,66184","82,71595","59,15528"
-938665,Целинный район,KL,"505787,1","92,6","77,05","68,55","128,40001","111,9","88,35","77,65","89,45","91,2","123,05","92,45","89,15",93,"85,25","76,85","87,9","89,3","89,5","84,15","60,8"
-942471,городской округ Элиста,KL,"39360,9","96,19265","76,70493","73,6756","135,57318","116,54019","89,98296","89,03901","96,50978","98,13417","128,15364","100,79883","88,96583","93,56458","92,36341","82,89148","96,44269","89,85121","96,1366","90,76467","64,54637"
-938663,Яшкульский район,KL,"1174547,4","76,45714","68,88572","60,04286","101,77143","93,18572","73,37143","67,62857","73,47143","82,04286","108,05714","88,54286","78,11429","78,08572",68,"67,7","74,04286","76,52857","71,4","76,2","53,44286"
-938660,Юстинский район,KL,"756395,4","78,25","75,4","60,6","99,1","96,05","75,55","67,75","72,45","83,2","111,05","91,95","82,5","82,65","66,85","68,9","71,7","81,55","68,15","79,95","55,6"
-938662,Кетченеровский район,KL,"654957,2","88,15","82,7","67,4","118,3","107,5","88,45","71,8","83,85","87,2","122,35001","87,7","92,6","95,55","80,65","72,6",83,"89,3","84,1","81,25","62,55"
-945066,Приютненский район,KL,"314600,4","99,3","78,2","72,6","140,1","118,2","94,5","89,65",101,"101,2","131,35001",103,"91,2","97,05","96,25","86,65","99,55",93,"99,90001","93,75","66,15"
-938733,Октябрьский район,KL,"362759,9","86,76667","86,63333","66,26667","112,86667","107,23333","88,86667","74,13333","81,96667","86,26667","122,46667","90,13334","93,96667","95,63333","78,43333","72,16667","79,26667","91,36667","80,06667","83,1","63,13333"
-938666,Яшалтинский район,KL,"242151,1","129,8","101,6","90,85","191,35","142,8","131,5","105,2","131,6","136,15","166,60001","134,25",117,"124,3","128,65","122,7","130,85001","122,25001","139,15","120,15001","84,75"
-938668,Малодербетовский район,KL,"366674,6","95,75613","94,41677","70,92817","124,04017","116,28158","99,99724","78,79894","90,01614","91,75917","132,44402","91,95081","103,04817","106,99018","89,6702","77,22729","90,49862","100,69","93,01178","90,64232","71,9465"
-938661,Сарпинский район,KL,"373980,6","102,90685","95,07669","73,1964","136,13498","124,1006","106,10848","81,53415","98,8937","97,47527","134,68569","94,6014","104,94553","110,74596","96,65466","85,2952","96,86213","103,27351","100,85035","94,96589","73,56043"
-215663,Бокейординский район,ZKO,"1934123,4","78,52","104,18","67,58","97,88","85,54","89,47","85,37","68,35","71,19","100,19","85,21","77,99","83,16","83,6","65,39","93,69","85,52","72,43","85,97","66,97"
-215636,Казталовский район,ZKO,"1956684,8","89,81","121,71","74,35","108,12","80,12","103,36","104,1","81,71","71,16","99,71","90,37","75,14","91,35","97,5","68,55","115,94","93,43","81,93","94,98","85,67"
-214669,Жанибекский район,ZKO,"799321,6","98,8","121,2","75,04","118,04","96,16","109,16","108,54","80,88","74,42","117,28","88,4","91,02","101,28","102,14","66,88","112,2","101,58","94,06","101,86","90,96"
-215641,Акжаикский район,ZKO,"2574863,1","68,86667","111,7","68,52222","90,46667","57,58889","86,12222","96,6","76,65556","69,43333","75,41111","83,44445","50,18889","71,27778","81,98889","63,52222","110,47778","78,85556","64,72222","83,73333","70,47778"
-215456,Жангалинский район,ZKO,"2152344,6","66,97273","104,87273","67,33636","86,91818","60,95455","81,71818","82,76364","68,2","66,98182","77,33636","80,93637","58,53636","70,16364","77,84545","62,23636","101,3","76,23637",63,"79,27273","64,16364"
-215490,Таскалинский район,ZKO,"799580,7","109,84","131,46","82,82","117,3","87,02","116,62","134,48","98,72","82,4","109,46","108,46","76,4","102,66","109,66","79,36","137,48","102,66","94,76","117,76001","107,88"
-214835,Индерский район,ATY,"1139689,3",51,"96,72","63,62","73,74","44,7","69,3","77,34","63,94","65,7","63,82","72,16","45,78","56,84","66,86","57,26","99,54","67,32","53,84","70,74","56,26"
-222955,Тупкараганский район,MAN,"870725,4","38,16667","65,36667","71,7","50,1","52,1","56,8","64,56667","59,06667","70,4","73,53334","77,66667","34,2","52,1","46,3","56,26667","73,66667","50,33333","47,7","61,8","48,56667"
-215499,Зеленовский район,ZKO,772227,"112,06667","131,66667","81,96667","115,6","86,93333","115,36667","138,53333","103,73333","84,73333","106,4","110,8","71,06667","101,56667","108,73333","81,46667","138,66667","100,03334","92,7","120,13333","110,00001"
-222957,Мунайлинский район,MAN,"491669,1","32,4","60,7","77,85","47,5","56,75","56,6","56,5","60,3","63,7","73,6","71,3","33,6","53,3","47,6","54,45","59,7","47,45","52,9","49,75",42
-222948,Мангистауский район,MAN,"4575672,4","36,995","73,165","77,855","41,565","49,01","56,79","68,115","59,595","69,08","82,195","70,115","37,97","61,475","45,225","60,24","83,725","49,115","45,335","77,96","53,22"
-215503,Теректинский район,ZKO,"842282,9","100,1","126,21667",76,"109,33334","81,26667","107,43333",127,"101,88333","82,53334","96,91667","102,85","61,81667","92,21667","101,43334","77,35","129,95","93,73333","82,68334","108,13333","97,75"
-5515125,Актау Г.А.,MAN,30376,"35,80961","65,45783","82,78873","54,85836","64,32788","60,80616","56,85741","63,8308","67,59312","77,9762","74,70376","39,10616","58,17767","50,21973","60,46316","65,48153","49,82892","60,3356","51,17432","44,55595"
-215661,Каратобинский район,ZKO,"951296,9","69,21667","108,05","60,1","87,81667","63,2","84,36667","105,98334","85,15","77,63333","74,56667","78,43334","44,9","70,55","83,11667","66,4","114,38333","78,26667","62,28333","78,75","74,25"
-3767383,Уральск Г.А.,ZKO,"24574,9","114,40713","132,50408","81,68777","117,00408","88,93159","116,89898","141,9112","107,11209","87,43465","108,11223","112,71121","71,18676","103,30102","109,31325","82,91834","139,91935","101,30714","94,29491","122,20306","112,81121"
-222960,Каракиянский район,MAN,"6430158,2","41,11071","72,95714","65,48929","47,1","50,125","49,53572","56,35714","45,27143","57,41072","69,76429","54,88571","53,57143","57,13929","42,79643","60,08214","67,83572","43,59643","45,03214","72,81786","51,36786"
-214837,Кзылкогинский район,ATY,"2503380,4","51,49167","101,09167","64,275","72,49167","46,65833","70,2","88,21667","68,16667","72,85","68,575","68,40833","43,34167","58,74167","68,89167","61,63333","110,05","69,18333","53,33333","70,98334","64,50833"
-215659,Сырымский район,ZKO,"1259202,8","82,05715","117,48572","67,7","100,38571","72,12857","96,88571","116,5","95,95714","80,34286","85,48571","90,77143","51,22857","80,78571","91,22857","71,3","119,38572","85,3","71,44286","92,4","83,3"
-214838,Макатский район,ATY,"459620,3","40,45","90,2","64,95","59,4","38,8","62,1","75,05","60,8","67,45",66,"65,9","40,5",53,"57,1","57,8","98,7","59,45","46,55",70,"56,3"
-215477,Бурлинский район,ZKO,"532031,3","99,96667","128,60001","71,83333","114,16667","86,63334","108,93334","140,9","119,13334","93,7",102,"104,2","58,73333","96,36667","103,93333","82,13333","134,3","95,06667","83,6","108,7","103,93333"
-5515236,Жанаозен Г.А.,MAN,"51590,4","33,89057","65,94284","71,7872","41,32224","52,49837","54,1333","58,62538","56,41898","61,07614","65,91269","61,25391","45,29686","51,69209","45,94599","54,23655","56,62072","46,62061","49,02852","57,03666","47,98416"
-222946,Бейнеуский район,MAN,"4084907,2","43,24737","94,6579","80,68947","49,72632","48,16316","57,55263","77,01579","56,36842","77,36316","98,07369","70,16842","46,39474","72,27895","47,32632","68,03684","109,42106","53,46842","44,77895","97,84211","61,98947"
-215635,Чингирлауский район,ZKO,"735463,5","84,53334","116,23334","62,16667","100,73333","75,63334","95,66667","127,63333","105,03334","88,5","87,43334","87,03333","50,66667",82,"91,23333","74,9",119,"85,1","71,76667","91,2","89,1"
-3397457,Уилский район,AKT,"1094152,2","65,66667","108,93333","59,86667","86,23333","60,38334","81,96667","107,46667","84,91667","79,55","73,25","72,76667","44,58333","66,78333","82,61667","67,55","119,23333","79,53333","60,18333","72,98334","76,81667"
-3397458,Хобдинский район,AKT,"1387546,2","82,78333","116,76667","58,75","100,8","78,1","91,3","134,5","102,15","92,61667","87,5","79,45","48,76667","79,46667","93,45","74,13333","122,93333","87,51667","70,45","82,86667","93,15"
-3397451,Байганинский район,AKT,"6007249,2","57,51333","107,51333","70,86667","70,58333","61,80667","66,65333","95,91334","64,33667","84,04","97,11334","66,64333","50,71","76,07","65,66667","70,68667","112,50667","69,05","53,67667","84,44667","73,52334"
-3397456,Темирский район,AKT,"1250413,6","79,38572","119,11429","59,28572","98,24286","78,68572","86,44286","136,42857","94,01429","95,65715","87,08572","66,57143","48,17143","75,4","92,5","69,74286","122,18571","89,58572","67,97143","69,77143","92,4"
-3397454,Мартукский район,AKT,"647039,8","93,8","124,56667","61,2","112,53334","92,2","97,56667","155,9","117,50001","107,86667","101,1","81,56667","52,53333","88,9","102,53334","77,46667","130,76667","95,3","79,7","85,53333","109,83333"
-215684,Алгинский район,AKT,"746502,3","87,94","122,38","60,06","107,14","87,7",93,"147,86","106,92","102,74","92,74","71,1","50,4","82,24","99,7","73,08","126,78","93,64","74,36","74,52","102,08"
-3397460,Шалкарский район,AKT,"6211384,2","54,83226","95,41936","63,10323","71,59032","57,72581","58,46452","79,82258","60,92258","72,66452","90,6","57,85484","53,81936","83,23226","56,54516","76,09355","90,56129","62,58387","51,74839","76,5129","68,26774"
-3397455,Мугалжарский район,AKT,"2942468,3","78,29231","114,79231","59,16923","94,61539","79,00769","77,17693","125,61539","90,79231","99,33077","92,33077","63,3","50,42308","83,60769","84,51539","72,41539","114,52308","83,48462","66,05385","71,12308","93,35385"
-3389531,Актобе Г.А.,AKT,"239898,7","91,52063","123,54894","60,30264","111,10864","93,1542","94,7853","150,90564","112,91211","106,91333","95,04112","70,39198","52,07131","83,14424","100,22144","72,19793","126,89517","95,47936","76,76431","73,00556","105,65034"
-3397459,Хромтауский район,AKT,"1262704,9","81,16667","106,05","52,8","93,91667","81,15","83,26667","131,9","98,86667","101,9","86,08333","61,45","47,16667","76,43334","89,05","67,56667","113,96667","84,7","69,85","63,61667","97,63334"
-3397453,Каргалинский район,AKT,"494556,7","89,6","119,93334","58,1","109,23333","90,73333","93,5","147,9","111,13333","106,5","91,9","66,5","49,43333","82,06667","97,9","71,26667","123,6","91,13333","75,56667","69,73333",106
-3397450,Айтекебийский район,AKT,3618522,"60,77059","76,65883","40,6353","63,38235","58,14706","65,06471","87,96471","79,36471","88,47059","75,71765","57,91177","43,68235","73,25882","70,87647","67,11765","86,78824","66,71765","62,72353","63,18824","78,01177"
-3397452,Иргизский район,AKT,"4193056,5","45,86","71,665","44,915","58,37","46,04","51,945","64,595","62,705","72,945","80,465","52,53","44,565","81,215","50,91","74,2","74,8","54,885","51,54","69,09","63,48"
-1746023,Дергачёвский район,SAR,"449943,6","134,75001","144,4","93,15","141,60001","108,9","136,9","163,55","116,45","100,55","133,95","128,65","93,35","123,85","127,45","89,75","162,05","122,8","118,7","143,10001","133,4"
-1746043,Романовский район,SAR,"128699,1","153,53696","121,20429","80,95187","180,56002","141,05293","146,15533","149,56326","121,45183","112,83732","144,16233","112,58088","157,51656","120,23977","114,11488","110,58495","220,70393","135,89296","173,1381","135,25731","147,72636"
-1746013,Александрово-Гайский район,SAR,"270100,3","105,2121","131,53574","81,46569","122,54365","92,52193","115,4894","121,96027","91,13132","77,54448","116,52524","97,94203","87,56165","104,86864","108,9536","72,84748","127,89984","105,34281","96,94895","108,94007","100,8955"
-1746019,Балтайский район,SAR,"123821,3","173,45701","151,92671","102,89883","175,52281","136,92551","172,90769","200,59203","147,41734","120,28099","166,94835","146,76745","151,60803","145,75414","143,52502","114,11378","217,88016","153,05839","169,26834","171,9889","185,18505"
-1746031,Краснопартизанский район,SAR,"238227,5","145,77159","148,27754","97,51779","147,09888","114,50886","146,08881","179,54168","127,27711","108,84469","145,43751","136,50452","103,69403","133,58464","132,08747","94,30537","175,74081","130,31308","132,5067","155,64706","151,47985"
-1746091,ЗАТО Шиханы,SAR,"999,5","181,8","164,10001",110,"181,60001","143,2","181,70001","215,5","155,60001","128,89999","177,60001","155,3","148,3",156,"153,90001","113,5","219,3",160,"174,2","183,60001","191,3"
-1746018,Балашовский район,SAR,"292447,3","148,36043","121,01112","82,66687","170,34531","140,28894","147,30143","147,15399","118,72901","112,99505","149,22138","112,47235","151,43432","120,25805","116,35967","103,15067","213,18654","135,89131","170,39125","138,03133","148,36593"
-1746041,Пугачёвский район,SAR,"390840,5","143,13334","144,1",94,"143,13334","111,53334","142,83333","180,66667","126,6","105,6","139,43333","133,4","99,36667","131,03333","128,1","94,83334","171,7","126,06667","126,9","150,93333","149,23333"
-1746039,Петровский район,SAR,"231963,8","153,60079","133,27067","91,6257","172,93356","126,64611","153,37124","166,69284","129,36328","109,65078","156,15329","129,28835","147,70327","128,16627","127,96823","104,5031","208,72419","140,62627","159,61335","152,45314","168,33539"
-1746088,Турковский район,SAR,"140696,8","155,16519","122,75912","81,05343","179,74245","137,69283","147,10378","150,14887","125,88295","113,7735","144,50635","116,31954","161,13144","123,94832","114,24404","111,98088","222,39588","138,23537","170,42051","137,69628","152,66129"
-3149067,ЗАТО Светлый,SAR,"346,3","149,59999","137,2","95,8","164,8","124,9","154,8","169,39999","123,60001","110,8","162,89999","129,3","138,39999","129,40001","133,89999","95,9",199,"137,7","156,20001","157,40001","164,90001"
-1746034,ЗАТО Михайловский,SAR,"1262,6","145,7","147,89999",97,"146,3","114,10001","145,5","178,10001","127,2","108,7","144,8","136,5","103,2","133,60001","131,7","94,1","175,10001","129,60001","131,89999","155,7","151,5"
-1746015,Аткарский район,SAR,"267898,6","143,21754","126,58097","87,2015","163,50167","125,12359","148,90279","154,81745","119,06599","106,67672","153,79284","119,7725","141,45844","121,09415","123,12706","96,77338","200,21338","135,49017","156,92294","144,94943","157,48867"
-1746035,Новобурасский район,SAR,"175028,9","159,50275","140,54822","96,49569","172,37656","128,47716","160,45997","183,66153","135,47859","114,24637","163,90007","136,57866","145,68421","135,35039","136,78643","104,53471","209,37094","144,34196","162,70421","162,67913","173,67661"
-1746040,Питерский район,SAR,"258121,1",123,"137,4","88,9","136,3","106,7","129,55001","145,35","101,1","89,95","136,05","108,25","103,1","116,85","118,95","75,7","146,00001",118,"119,15","128,6","119,15"
-1746032,Лысогорский район,SAR,"234043,3","134,75","123,75","86,95","151,6","120,6","143,8","149,55","110,05","101,25","154,45001","110,15","132,75","118,25","122,45","84,7","180,3","129,6","149,05","140,60001","144,65001"
-1746048,Советский район,SAR,"142987,2","148,85157","144,78307","96,38925","161,20585","121,5501","151,28193","172,23556","125,0888","108,88801","161,81574","127,66066","125,4537","133,84215","136,0212","87,17317","178,57828","135,44467","147,18973","156,20999","148,71802"
-1746044,Ртищевский район,SAR,"230172,5","157,10001","126,45","85,5","178,9","134,8","149,45","153,1","128,5","114,25","152,15","122,95","158,25001","126,2","120,15","108,45","218,00001","139,95","166,60001","144,35001","160,75001"
-1746020,Вольский район,SAR,"385698,7","176,33334","161,93333","107,6","177,03334","139,3","177,33334","210,8","152,86667","125,4","173,53334","152,53334","144,76667","152,13334","150,33334","111,23333","216,00001","156,76667","170,20001","179,7","186,23334"
-1746037,Озинский район,SAR,"408808,6","131,1634","140,89209","89,59902","132,32937","101,325","130,6812","163,04886","116,06375","96,87655","126,10266","124,98667","87,11937","118,73593","121,5941","89,07256","157,39983","115,32706","112,05384","139,13741","131,15853"
-2725551,городской округ Саратов,SAR,"40450,4","148,91354","134,61828","94,16824","161,58495","122,82172","152,54985","170,90413","123,9606","108,89638","161,35178","126,9704","134,57511","128,50877","132,91575","92,73417","192,5241","135,64777","152,80992","155,39375","159,80346"
-1746027,Ивантеевский район,SAR,205062,"149,92741","143,53076","92,55142","144,8562","115,95715","150,00177","190,34016","134,35868","111,41322","145,98422","140,00214","104,75762","138,68876","131,79069","99,28524","179,25539","132,61731","136,16504","157,15641","159,64195"
-1746038,Перелюбский район,SAR,"370645,4","137,45","142,95","89,85","134,05","104,1","130,4","173,1","125,55","100,1","128,95","128,7","87,55","123,3","122,55","92,7","161,75","115,25","114,1","143,95","138,8"
-1746045,Самойловский район,SAR,"258720,8","142,7","120,8","85,5","163,6","140,15001","146,8","144,65","112,95","111,25","153,35","110,2","144,15","118,1","117,85",95,"202,55","134,35","165,9","138,45","146,10001"
-1746029,Красноармейский район,SAR,"328997,5","129,96186","127,41277","88,389","145,35652","117,96873","137,9137","144,30348","105,09878","95,75178","151,57601","106,08628","124,68476","118,90454","122,2617","78,25666","162,64649","125,72304","138,9245","136,80869","134,46948"
-1746089,Фёдоровский район,SAR,"251880,5","145,65","147,85",98,"151,05","116,75","144,50001","170,6","119,2","106,1","155,65","127,85001","116,95","131,95","133,55","85,95","173,65","132,1","139,7","153,3","143,10001"
-1746014,Аркадакский район,SAR,"223757,9","147,82201","121,50985","82,46694","168,09043","134,81924","144,81343","148,48712","121,57523","112,26946","149,7769","115,95194","151,98712","121,28582","116,73972","103,07734","212,96304","135,70159","165,71542","139,89719","152,09983"
-1746049,Татищевский район,SAR,"206372,4","143,7",133,"92,55","159,60001","122,45","150,8","162,7","118,85001","106,8","157,35","123,35","137,2","123,75001","128,05","94,7","195,85","135,15","153,8","149,85001","159,45"
-1746017,Балаковский район,SAR,"319606,7","162,19671","155,1476","102,23161","161,48687","125,66673","160,67105","194,39661","139,0962","118,42278","162,97704","144,69382","123,05757","144,00442","142,23924","99,47501","195,20652","144,09605","152,54748","169,4851","168,04305"
-1746046,Саратовский район,SAR,"195941,4","146,5","132,3","92,75","158,45","121,35","149,8","168,65","122,2","106,35","159,5","123,2","131,2","126,9","131,3","89,15001","185,35001","133,5","149,45","152,10001",154
-1746090,Хвалынский район,SAR,"196345,9","165,99841","155,02587","100,29356","164,09128","130,48584","168,97348","203,75321","146,38466","118,69453","160,76529","148,06482","133,37154","148,54715","141,34017","109,28128","205,26984","150,72731","159,28434","171,60317","181,70894"
-1746033,Марксовский район,SAR,"289813,3","162,02621","147,8927","99,92438","162,58116","125,31472","158,76432","190,01332","134,14841","116,28069","165,57885","139,6305","129,29375","138,98185","140,9552","96,2867","196,31993","141,53052","154,82069","166,78305","164,49641"
-1746030,Краснокутский район,SAR,"292751,2","131,88292","138,98736","92,79315","144,66371","113,74036","136,74603","151,83966","106,54888","97,02473","147,75018","113,75354","113,75661","123,58167","125,2018","78,60731","156,98499","124,17961","131,09999","139,31187","130,17172"
-1746025,Екатериновский район,SAR,303687,"151,57833","126,0554","86,23656","173,92062","132,23785","150,20809","153,77431","125,64977","111,93575","154,54519","123,12984","151,02087","125,26673","122,84992","103,414","211,12902","139,31676","163,67449","146,8063","161,63758"
-1746026,Ершовский район,SAR,"421364,6","146,25001","150,5","99,7","150,8","116,65","147,75","177,25","124,65001","107,9","149,2","134,2","108,95","133,65","134,55","91,60001","175,5","133,8","136,10001","155,05","146,60001"
-1746036,Новоузенский район,SAR,"412387,3","117,03334","137,1","85,93334","131,2","99,36667","123,26667","140,3","99,9","85,23333","124,13333","107,7","91,53334","112,06667","115,93333","77,96667","140,36667","112,5","106,4","121,8","111,46667"
-1746092,Энгельсский район,SAR,"316767,2","144,47867","134,93468","91,05743","158,16594","120,21938","146,67803","162,8049","119,14283","105,06517","158,13299","121,33578","127,04012","127,32195","130,76185","85,23861","177,26801","131,00685","145,64465","150,55085","147,70636"
-1746042,Ровенский район,SAR,"210750,5","127,81813","127,35896","86,77449","142,04874","112,65929","131,91046","140,79825","101,38914","93,5128","146,50581","105,80434","116,45091","119,08151","120,9564","74,15491","151,71967","120,37597","130,96465","134,68828","126,77707"
-1746016,Базарно-Карабулакский район,SAR,"228917,3","168,72058","147,15255","100,33158","175,20243","134,04974","167,91942","193,25498","142,70722","118,99564","168,40816","143,91594","149,93851","142,26622","142,4396","110,05379","215,87124","150,38388","168,22296","169,82854","181,22182"
-1746028,Калининский район,SAR,"325542,5","140,75001","122,9",85,"160,2","135,75","145,55","146,25001","115,9","108,95","155,6","114,25","142,65001","119,75","120,9","93,8","199,4","134,65","160,25","142,05","151,5"
-1746024,Духовницкий район,SAR,"194748,7","154,85052","146,80607","94,75936","153,40262","120,63745","156,82709","190,46749","138,01454","113,08376","150,72176","141,21792","117,72584","141,50076","133,72519","101,87488","188,46212","139,37489","144,73871","161,46642","168,8463"
-1746021,Воскресенский район,SAR,"150115,8","159,60611","142,74508","97,55742","162,67077","124,69136","158,70636","188,57786","134,25112","113,95231","164,1165","136,45669","133,6019","134,87651","138,16467","97,50826","198,12912","140,54814","155,26144","162,90753","165,18398"
-1030030,Петровский городской округ,STA,"273697,4","132,57549","112,53174","91,7511","192,61507","150,96954","139,45983","115,08155","141,61035","140,45022","171,44633","146,69099","117,23664","125,4298","132,09689","124,8394","138,21896","119,20946","141,98986","131,4941","92,3387"
-1030039,Туркменский район,STA,"261403,5","108,71386","92,62619","78,27988","159,06112","124,8961","112,90418","97,26135","120,59775","116,8357","143,10007","123,69555","98,11465","104,04914","108,59197","103,14894","113,57867","101,22346","114,69404","111,66056","77,63169"
-1030065,Левокумский район,STA,"475283,7","94,13333","88,63333","71,3","124,3","107,36667","87,5","90,2","93,1","98,6","122,4","111,8","83,73333","84,4",88,"88,03334","96,7","85,1","94,3","97,63334","68,4"
-1030004,Новоалександровский городской округ,STA,"202492,6","172,13879","145,62063","124,37984","230,84806","183,08103","179,22148","154,88064","150,83748","178,02894","212,884","180,92332","153,88546","151,15194","166,88596","162,92158","183,60744","152,92283","184,83201","154,01584","108,85473"
-1030099,городской округ Невинномысск,STA,"8354,5","192,47998","172,15377","144,0476","261,95377","209,74112","220,22905","185,00785","168,3891","204,93905","248,42198","211,84317","172,34965","173,55437","193,74082","178,15465","210,03288","168,15672","213,93552","183,35938","138,86083"
-1030137,Нефтекумский городской округ,STA,"375286,6","97,29415","105,66308","79,6558","129,46826","118,56698","94,84902","95,16562","97,81078","105,18305","132,78177","122,50876","89,6813","92,18504","95,41424","98,9412","107,25169","90,75874","104,12117","105,34379","77,08636"
-1030016,Изобильненский городской округ,STA,193624,"168,16307","142,9211","111,22291","222,98768","173,00029","171,2605","142,54402","149,24161","170,81415","205,12411","174,03144","143,81019","147,70235","160,25293","155,32827","170,91746","143,94939","174,39161","149,82354","106,38143"
-1030124,Новоселицкий район,STA,"170101,8",127,"121,1","87,2","177,55","139,9","129,7","116,7","137,05",131,"156,45","138,35001","110,1","114,25","121,45","116,6","130,3","111,2","131,4","128,45","92,15"
-1030057,Шпаковский район,STA,"235318,5","177,83263","149,98603","120,50205","236,50848","183,36596","186,56639","149,60007","157,15175","178,73395","216,09218","185,3499","150,19148","154,32118","168,22219","158,67601","180,32229","149,22651","184,39433","161,51019","117,92014"
-1030066,Кочубеевский район,STA,"236226,3","189,10001","164,35","135,2","254,15","199,8","208,25","169,45","166,55","194,65","235,25","202,25","163,85","165,85001","183,75","170,5","198,7","160,85","203,05","176,50001","132,25"
-1051977,городской округ Георгиевск,STA,"2643,3","141,0318","145,76355","100,4659","190,81828","153,67883","147,84298","130,98236","123,9953","146,16648","171,66062","153,65119","126,65061","126,67296","139,25414","134,05885","152,04768","125,16473","150,56238","146,25708","109,07236"
-1030063,Благодарненский городской округ,STA,"247203,1","112,3","97,65","79,7","162,7","127,85","117,6","101,35","125,95","121,15","146,5","128,2","100,55","107,3",112,"107,5","117,85","103,35","118,95","116,8","80,7"
-1029150,Красногвардейский район,STA,"223502,5","163,35","131,4","109,9","227,35001","168,75001","160,5",131,"144,45","164,55","198,45","166,35","141,00001","142,6","154,7","149,9","165,3","141,7","169,35","141,05","99,45"
-1029981,Ипатовский городской округ,STA,"402963,6","125,23333","103,36667","87,03334","184,96666","141,06667","129,86667","105,96667","131,73333","133,2","165,2","139,3","112,63334","119,30001","126,93333","120,16667","130,7","115,9","133,6","121,73334","84,73333"
-1030145,Георгиевский городской округ,STA,"192153,4","136,62303","142,70242","98,0045","185,74584","152,12476","143,85787","129,48882","124,86059","143,65669","168,93188","150,38458","123,0996","124,70263","135,89583","130,93336","148,16731","122,58701","147,68027","143,13215","106,89755"
-1029107,Кировский городской округ,STA,"138665,3","152,74506","166,47339","111,77871","208,40345","174,7232","163,06511","144,88418","140,24562","158,69724","193,10615","172,95802","135,56646","139,43111","152,31957","145,23474","168,00006","135,34262","167,90707","161,62527","127,23026"
-1030989,городской округ Кисловодск,STA,"10725,2","253,8","267,60001","187,20001","318,70001","268,60001","273,70001","232,40001","215,40001","240,60001","280,39999","267,70001",212,205,"237,20001",212,"269,20001","200,60001","261,5","243,80002","200,3"
-1030142,Минераловодский городской округ,STA,"149057,1","154,59749","156,23278","112,45152","210,25484","170,64078","165,81446","146,75645","136,75767","159,55212","187,15743","165,32062","138,30038","138,1259","152,65307","145,75851","166,8654","136,18455","165,61197","156,56337","118,05002"
-1030149,Советский городской округ,STA,"209087,8","124,58513","134,72234","92,2282","174,61986","148,24013","134,35261","124,2839","126,5974","135,32315","162,56626","142,71493","115,1668","119,57548","127,72277","123,90973","138,59959","116,46686","140,06533","135,94811","101,74153"
-1030121,Александровский район,STA,"204158,5","144,49502","128,27014","96,78775","198,54224","154,4442","148,00083","123,84615","141,52986","144,76751","173,86074","153,37369","122,14843","126,60642","135,79153","130,02257","145,08572","122,40427","148,03392","139,97259","100,47912"
-1030136,Будённовский район,STA,"310446,4","109,82583","109,30754","79,14167","154,57372","126,9006","112,31433","104,4483","120,53465","117,41218","141,15164","126,83119","99,11283","101,80912","107,97697","105,38096","116,93133","100,51649","115,62177","116,24221","84,07644"
-1030115,Андроповский район,STA,"238493,3","176,01992","158,20307","123,29743","236,24655","186,39506","189,07185","154,39399","156,1942","176,97015","211,39329","184,57351","150,9545","152,87176","168,00032","158,38493","182,21071","148,98143","184,58857","166,29877","124,64837"
-1030020,Грачёвский район,STA,"179596,5","158,2363","129,33785","104,33016","215,29931","165,63637","161,89149","126,67491","146,21237","157,68482","191,89621","165,0314","132,07907","138,94888","148,18785","139,81312","157,29464","132,82644","161,11057","145,39173","103,7894"
-1030059,городской округ Ставрополь,STA,"24479,4","171,75747","144,55189","113,49042","227,3458","175,71662","175,59435","143,2221","152,18523","172,78828","208,73377","177,52961","144,86818","150,05366","162,38151","155,72547","172,52998","144,8456","176,34432","153,69451","110,3019"
-1030040,Арзгирский район,STA,"337640,1","99,00681","93,03466","74,20578","137,3131","111,83342","95,27201","94,74221","103,71781","105,59512","128,06064","114,60573","87,98267","89,97565","94,50599","91,83042","102,34642","89,8206","99,94976","101,75746","71,17353"
-1030006,Труновский район,STA,"168236,1","152,99212","126,07648","100,6661","213,98375","161,45673","155,36247","123,9026","143,36204","156,18348","190,36696","160,11317","132,08526","137,55569","147,94614","140,89012","155,46601","133,29735","159,2121","138,61943","97,54747"
-1029994,Апанасенковский район,STA,"360952,7","108,54742","87,66518","77,94529","160,95913","124,51755","111,03576","93,03063","116,86697","115,5435","144,06179","121,08111","98,50361","104,90119","108,87668","102,40205","111,455","102,90102","114,24213","107,37193","75,24505"
-1030984,городской округ Ессентуки,STA,"5095,5",167,"169,2","124,5","227,8",187,"182,90001","163,70001","147,7","172,5","201,60001","176,3",150,"149,10001","165,89999","157,39999","181,89999","147,10001","180,3","167,2","127,8"
-1029091,Курский район,STA,"370423,6","119,2152","138,01459","95,32813","162,04953","143,11908","119,42517","111,5884","111,83605","124,01072","166,27658","147,65745","107,06925","117,43974","120,4736","124,31278","135,77041","109,63079","138,52969","127,78553","98,85928"
-1030156,Предгорный район,STA,"198578,7","194,29712","200,73626","143,50632","255,92273","211,57341","211,50467","184,44061","167,89047","194,00384","227,95835","206,37745","169,87813","167,58582","188,44202","175,05806","209,52439","164,66239","206,2729","191,41184","151,35908"
-1029147,Степновский район,STA,188990,"112,9","125,75","87,35","162,6","139,95","121,5","115,35","119,65","125,65","159,25","142,2","108,15","113,25","119,8","119,1",131,"110,40001","131,7","129,75","96,55"
-1030986,городской округ Лермонтов,STA,"3419,7","156,1637","159,40967","114,45864","212,36141","173,06761","168,25635","150,01865","137,78415","161,49634","189,09014","166,84438","140,25151","139,72807","154,77082","147,65151","169,43197","137,93726","167,87382","158,45565","119,97611"
-1030988,городской округ Пятигорск,STA,"10637,9","146,6299","151,12339","105,30737","198,41476","160,42707","154,84336","137,29172","128,89228","151,45255","177,88693","158,85747","131,43678","131,29035","144,71713","138,77962","158,29514","129,6401","156,68748","150,9824","113,38272"
-1030985,городской округ Железноводск,STA,"9187,7","142,32489","146,90665","101,63502","192,64511","155,27484","149,55525","132,54647","125,12084","147,44379","173,11406","154,76881","127,80192","127,75936","140,55799","135,20192","153,50933","126,23571","152,0046","147,28842","109,98437"
-1077466,Урюпинский район,VGG,"346481,9","148,4",114,"85,9","175,65","151,25","147,95","135,15","114,2","114,5","142,65","101,1","148,35","116,25","113,55","104,35","207,00001","131,60001","179,35001","130,7","136,75001"
-1084791,Еланский район,VGG,"266761,8","136,68089","118,26151","84,52433","156,8692","137,84919","141,93174","139,35005","107,77852","104,79229","153,50497","104,89998","138,93484","116,70135","117,48865","87,49017","185,54738","131,03292","157,54013","135,71634","139,78188"
-1108341,городской округ Камышин,VGG,"12478,3","125,5499","123,79015","83,97637","143,85871","118,19385","132,75221","135,40012","100,76813","91,98034","151,54548","97,17165","124,96681","120,27418","120,1584","73,29429","144,60341","122,75913","133,44162","130,5354","121,83767"
-1085908,Жирновский район,VGG,"293829,4","129,60001","126,7","87,05","147,25","121,55",139,"140,65","103,5","96,65","154,45","103,15","129,6",119,"121,8","78,4","163,75001","127,6","142,65","135,65","134,10001"
-1101549,Чернышковский район,VGG,"321406,6",149,"116,1","102,7","188,05","159,1","147,6","100,8","113,05","126,5","154,05","106,7","137,15","134,75001","125,05","113,65","142,7","133,7","143,15","124,7","101,45"
-1107378,Городищенский район,VGG,"219686,6","113,66766","112,80601","78,30385","144,83973","129,88462","120,05366","93,26195","96,32376","96,35824","141,27035","91,46692","119,5041","117,95159","105,37767","80,31376","116,80232","115,28524","118,88369","108,57668","97,03408"
-1103654,Серафимовичский район,VGG,"432460,8","137,7","115,8","93,55","169,7","151,8","143,25","118,8","103,75","110,45",144,"97,65","136,3","121,15","117,4","95,05","154,35001","126,8","147,25","126,60001","117,8"
-1107967,Николаевский район,VGG,"344049,6","115,3","126,1","84,2","131,86666","112,06667","123,16667","122,7","93,73334","86,03333","140,30001","93,16667","114,30001","114,3","113,43333","69,23333","130,53333","114,16667","120,66667","120,16667","111,73333"
-1104554,Нехаевский район,VGG,"217329,1","152,89947","117,52647","90,68038","178,84936","157,23367","152,95749","134,91989","116,5962","118,90522","143,92759","101,37183","148,23636","119,57188","117,27024","107,58998","200,95268","132,98045","181,43221","133,08556","134,33246"
-1101524,Котельниковский район,VGG,"337578,4","123,03147","102,94908","87,22475","164,62378","143,60392","125,30413","91,61367","115,65373","113,40137","147,47609","102,16528","120,02463","125,73303","113,92516","101,61919","116,77936","119,09502","122,98822","110,17831","85,06975"
-1107379,Дубовский район,VGG,"308326,9","115,25","121,85001","80,35","137,6","120,25","123,6","112,3","93,25","89,7","144,4","91,9","120,55","117,7","112,2","74,45","125,5","116,7","122,8","117,7","108,6"
-1099980,Светлоярский район,VGG,"325858,2","99,95","98,85","74,9","130,4","119,95","105,75",81,"93,65","93,90001","136,65","90,25","109,3","113,25","96,05","78,6","98,9",106,"102,6","95,4","79,2"
-1103657,Суровикинский район,VGG,347604,"139,8","118,75","91,65","170,45","149,8","139,95","100,5","106,5","113,8","140,3","101,85","128,40001","125,25","116,75","101,1","133,4","123,45","132,6","119,5","105,85"
-1101525,Октябрьский район,VGG,"370218,9",118,"106,55","83,25","155,05","137,85","121,8","89,95","108,6","106,35","139,05","97,55","116,40001","120,4","108,6","95,6","112,3","114,25","116,6","106,25","86,90001"
-1086559,Палласовский район,VGG,1237563,"105,075","123,325","78,525","125,0875","107,0625","114,55","110,3","86,025","82,1125","131,85","90,9","104,8","109,1875","105,925","67,8875","116,3125","108,625","106,6875","109,625","98,4375"
-1084792,Киквидзенский район,VGG,"206596,4","139,3094","118,87372","85,62603","160,13856","143,27097","144,00682","137,73536","106,31357","108,1589","150,36274","103,88563","142,4616","115,57349","115,6922","92,753","193,63341","131,8775","165,20444","133,93722","138,72625"
-1086558,Камышинский район,VGG,"353486,7","122,7028","123,26359","83,47854","140,449","117,70661","130,12658","130,4354","99,15717","90,69405","147,89804","96,27908","122,15351","118,10208","117,74232","72,86304","141,18021","120,22843","130,22615","127,40542","119,4425"
-1108343,Среднеахтубинский район,VGG,"197046,5","106,55726","112,91446","78,62381","135,22705","120,64694","114,0352","96,0699","93,72211","92,25605","144,68575","92,92644","116,91322","117,0026","104,62478","75,04797","114,16953","113,17485","113,29281","107,79378","96,36556"
-1086557,Старополтавский район,VGG,"405340,6","117,7384","129,44578","86,2343","134,49486","111,04069","126,11671","130,48089","94,61305","87,49264","139,32055","98,86816","110,61472","115,32901","116,20842","71,93201","137,85659","116,09044","120,87947","124,19932","115,70974"
-1106197,Котовский район,VGG,"247344,2","127,30842","123,30154","84,36066","145,0407","123,89617","134,94676","135,2572","100,16026","94,3687","153,27946","98,74788","129,04868","118,82775","119,49616","76,00026","152,35901","124,34408","138,15485","130,81759","126,61527"
-1105470,Новоаннинский район,VGG,"308178,7","140,7",117,"87,3","163,65","144,50001","144,6","133,3","105,1","108,3","144,85001","98,9","141,75001","113,8","112,7",93,"189,55","130,15","167,45001","129,9","132,95"
-1103656,Кумылженский район,VGG,"295438,5","143,25","116,95","92,3","172,5","154,10001","147,10001","125,25","107,85","113,85","145,55","98,75","140,15","121,3","118,05","95,45","171,1","129,95","161,7","131,25","122,65"
-1106840,Иловлинский район,VGG,"415657,7","117,85","117,95","81,4","149,7","134,5","128,9","103,3","93,1","96,7","140,25","93,5","122,15","117,75","110,2","82,6","126,55","117,85","125,7","116,10001","107,2"
-1099978,Ленинский район,VGG,"262603,2","101,79429","113,24579","76,82377","130,27432","117,39861","110,63226","95,06092","92,08753","89,52819","140,72018","93,07674","111,52234","113,51385","101,53853","72,50815","109,23218","109,9568","106,69274","105,74097","91,86263"
-1112275,городской округ Фролово,VGG,"5885,8",125,"119,60001","80,2","146,3","132,39999","132,5","127,4","98,4","96,2","144,5","92,2","128,60001","116,4","112,5","78,7","141,7","121,4","137,3","123,3","116,60001"
-1107968,Быковский район,VGG,"345529,2","110,82189","121,13912","79,6236","131,23488","113,70037","118,84531","110,51016","89,52616","86,50335","140,90872","90,49603","116,39563","114,00422","108,89374","70,09118","121,12707","112,6486","117,19658","113,71562","105,2386"
-1083662,Новониколаевский район,VGG,236343,"144,88902","117,83959","85,15285","169,58825","146,18255","146,13745","139,32946","111,92975","111,98241","144,81336","103,94144","147,18489","116,15617","113,57918","100,90434","206,51058","132,38089","173,7188","132,31675","139,03385"
-1104547,Алексеевский район,VGG,"230056,9","146,63761","117,14848","89,499","172,81835","152,96934","148,85247","132,87845","111,05822","114,81999","145,50519","99,74346","145,60792","117,72095","115,88271","98,98181","192,36855","131,57883","175,15725","132,60652","132,49677"
-1085907,Руднянский район,VGG,"193918,2","132,54223","117,00111","84,26056","152,97434","131,66167","137,40904","136,18355","104,01327","99,87755","154,47206","103,41987","133,69057","117,33268","118,97712","81,17686","172,18626","126,67053","147,88393","135,68568","135,8707"
-1105513,городской округ Михайловка,VGG,"368843,9","135,71418","114,918","85,42259","158,47909","141,44701","140,48499","128,81642","102,61201","102,80741","147,60063","96,32996","136,70305","116,13713","114,00949","84,21358","167,89219","127,79733","154,84192","129,77395","127,28796"
-1106384,Фроловский район,VGG,"325763,3","127,47783","118,08566","81,57131","149,71589","134,65143","134,40591","125,65875","99,52467","97,29279","146,23333","93,77039","130,08523","117,1832","113,74393","79,40898","146,00631","122,94637","139,99704","125,40287","119,06396"
-1106196,Даниловский район,VGG,"294930,7","131,05","118,5","82,45","151,7","135,60001","137,35","131,2","102,65","98,45","152,60001","97,25","133,85001","118,75","117,05","78,8","158,7","126,1","146,6","131,8","127,5"
-1107382,Ольховский район,VGG,"322511,2","122,2",121,"79,4","145,25","126,45","131,2","119,6","97,7","93,65001","145,40001","94,4","125,10001","117,9","114,35","77,6","133,50001","119,65","130,1","122,65","115,1"
-1108299,городской округ Волжский,VGG,"23033,5","106,9","111,3",79,"137,2","122,4","113,60001","93,2","95,6","94,5","145,8","93,4","117,9","118,3","104,2","76,9","113,5","113,9","113,8","106,4",95
-1099982,городской округ Волгоград,VGG,"86172,1","109,54891","110,51853","77,66033","140,74715","126,80436","115,67474","90,96566","96,99656","95,50605","142,64481","91,77593","117,91939","117,83482","103,63634","78,64703","113,18102","113,93333","115,25396","106,11079","93,76233"
-1112274,городской округ Урюпинск,VGG,"4090,8","146,33425","113,14676","85,49583","173,5169","149,70069","146,22106","134,63356","112,80787","113,2875","142,40301","100,83055","147,02522","115,19467","113,03357","102,62106","205,51806","130,92639","177,53125","130,38565","136,05394"
-1106825,Калачёвский район,VGG,"422270,6","116,85","109,2","80,8","148,4","132,45","121,10001","88,55","98,3","100,1","136,4","91,65","117,7","117,45",105,"86,7","113,35","113,55","117,3","105,25","91,55"
-1103655,Клетский район,VGG,"354861,2","135,7","117,55","91,1","167,6","150,45","141,2","113,1","101,9","110,05",139,"99,7","129,9","121,3","115,5","95,55","142,3","123,75","138,6","122,35",112
-938664,Черноземельский район,KL,"1077101,4","81,64","73,94","65,02","98,84","96,54","70,2","73,46","75,06","86,32","109,54","102,94","71,54","73,56","68,62","76,86","81,22","74,2","73,56","83,4","58,5"
-1396090,Оренбургский район,ORE,493283,"121,53334","135,4","71,93333","119,93334","98,1","113,83334","173,36667","139,60001","110,96667","110,76667","102,03334",59,"107,43333",110,"88,23333","138,66667","99,8","88,33334","110,2","123,53334"
-1395129,Шарлыкский район,ORE,"289577,1","147,35001","149,1","86,35","132,75001","109,05","136,3","198,85","153,2","122,6","127,5","121,45","71,95","132,4","122,3","101,65","152,75","119,7","109,85","133,9","159,15001"
-1396081,Бугурусланский район,ORE,"281499,2","184,53227","157,59407","92,21659","146,01703","124,02761","165,0692","228,18309","161,29249","127,83039","146,71528","152,9777","109,43544","158,50291","139,98648","122,44739","191,7281","145,74019","147,58442","174,80958","187,37835"
-1395131,Илекский район,ORE,360851,"115,2553","132,78168","72,51173","122,9551","97,24141","116,12629","164,12808","135,49272","105,91409","109,77194","110,67744","59,31585","105,74266","109,42764","89,21926","143,75786","99,08149","88,6466","115,80145","116,51168"
-1395130,Первомайский район,ORE,"504559,3","134,8","139,4","83,23333","131,46667","106,36667","128,20001","170,10001","136,46666","101,96667","124,4","127,83334","79,9","119,33334","119,2","93,2","157,33333","111,9","108,46667","139,46667","134,26667"
-1396092,Ясненский городской округ,ORE,"379254,6","77,15","98,75","48,65","93,9","73,2","86,45","119,4","97,85001","89,2","78,55","67,25","51,85","87,15","94,55","71,65","109,35","79,25","74,3","73,5","100,65"
-1395226,Красногвардейский район,ORE,"289822,6","157,9","159,5","93,1","143,5","119,9","147,65","203,9","162,45","120,75","131,95","135,89999","83,2","138,45","124,7",104,"165,95","126,3","122,8","151,25","166,55"
-1540277,городской округ Бузулук,ORE,"5779,9","177,2","166,5","98,3","151,3",128,"157,2","215,89999","171,10001",127,"152,3","155,3","100,7","154,40001","137,8","112,9","190,7","137,7","140,90001",175,"181,8"
-1396085,Пономарёвский район,ORE,205453,"170,37397","158,09066","93,38071","140,36622","116,21924","149,50173","213,88894","161,32122","124,32885","134,98346","134,86145","86,24743","144,84341","128,21118","109,10367","166,30618","133,15173","125,06406","152,46549","173,50067"
-1396083,Абдулинский городской округ,ORE,"178296,1","179,85496","154,49041","89,11777","143,11293","116,10387","158,81095","220,15562","161,03798","125,35469","138,90591","142,38992","101,33484","151,59315","133,58572","116,52415","177,2439","140,65564","137,41183","162,85366","179,78944"
-1396086,Сакмарский район,ORE,"203886,5","130,76749","142,91369","77,27414","126,44456","104,0219","121,77569","183,58605","147,00802","117,22545","117,89612","108,77722","63,57408","115,92708","115,5013","93,03143","143,53349","106,68794","96,52918","118,09602","137,39431"
-1396087,Новосергиевский район,ORE,"453276,8","134,16667","144,13334","82,36667","134,16667","108,76667","131,33333","180,63334","150,33333","114,9","121,66667","124,50001","66,96667","120,13334","117,9","96,63333","156,53334","109,5","101,5","130,73334","134,66667"
-2005276,городской округ Бугуруслан,ORE,"8564,2","184,11844","156,17368","93,05962","147,25875","124,67367","167,7763","231,48332","162,02891","127,69825","147,87368","155,16576","113,36665","160,9763","141,77894","125,47893","196,04295","148,17982","151,65788","177,55875","189,07718"
-1395127,Курманаевский район,ORE,"287386,2","154,60001","150,8","88,55","141,9","119,15","144,95","191,55","154,2","117,35","140,4","145,25",91,"140,10001",130,"105,15001","175,5","125,35","126,4","159,35","159,10001"
-1398584,городской округ Медногорск,ORE,"35199,9","96,9948","123,24498","61,68539","114,19154","93,94089","99,02383","154,4495","119,66226","106,35833","97,52681","75,33413","52,98696","92,21086","103,21904","76,52518","126,79505","92,65208","80,08816","81,36073","113,67917"
-1395134,Северный район,ORE,"208712,1","188,4796","152,57615","87,27101","146,24136","118,9058","167,325","226,91803","157,08905","128,89651","144,94638","151,83467","117,64032","162,22842","141,74925","127,18328","190,76932","148,66342","151,23008","174,00154","188,5431"
-1395128,Ташлинский район,ORE,"343832,5","135,13681","140,13609","81,67615","130,02024","105,79812","129,30434","174,70761","144,89381","106,48802","122,91","127,22702","72,40765","117,94739","117,16365","94,73549","156,7329","109,27953","102,79145","134,27634","131,40638"
-1395227,Александровский район,ORE,"305153,7","147,13927","150,75887","86,0035","133,81123","111,55163","135,72847","196,37498","153,26914","120,42767","125,60721","124,22597","72,30118","129,33294","120,45779","99,74611","154,53088","118,15078","110,39057","136,14225","155,37007"
-1927915,Кувандыкский городской округ,ORE,576989,105,131,"65,3","122,8","100,65","106,3","164,65","130,60001",112,"104,65","83,3","58,8","102,25","109,65","82,25","132,05","97,90001","87,05","90,85","122,2"
-2573629,ЗАТО Комаровский,ORE,"1057,3","77,5","99,2","48,4","97,5","74,4","85,4","123,60001","96,50001","89,7","78,7","66,3","50,1","87,2","95,7","70,7","110,6","79,8","73,6","72,7","101,8"
-1396084,Матвеевский район,ORE,"177321,7","176,21134","155,3365","91,67917","141,76143","116,98733","155,82827","218,70296","162,05563","124,03644","137,83063","141,369","93,6016","146,00862","130,70065","112,50612","175,06543","137,14624","132,86402","160,36167","177,26804"
-1395090,Гайский городской округ,ORE,"298730,5","94,9","117,9",59,"112,25","90,8",98,"148,7","115,8","99,9","91,95","73,35","53,2","94,25","103,6","75,1","123,05","89,9","79,2","81,45","112,55"
-1395132,Соль-Илецкий городской округ,ORE,"524409,4","101,16667","125,33334","63,73333","115,1","88,66667","104,23334","158,16667","126,03334","102,83334","101,6","96,9","55,1","95,63334","101,9","83,1","132,03334","92,66667","80,7","102,8","107,43333"
-1395094,Светлинский район,ORE,"558505,3","68,925","87,975","43,55","77,8","63,7","78,35","102,025","88,3","85,15","73,95","63,375","49,6","78,525","83,675","68,5","98,975","72,825","70,25","67,65","90,725"
-1396088,Сорочинский городской округ,ORE,"282463,5","150,12203","151,4228","88,23292","139,13643","116,31772","142,20965","195,58563","156,86911","119,86499","131,46368","136,73426","78,60475","134,5603","122,37506","101,31108","165,11645","120,50491","116,57743","146,39811","155,11915"
-1395133,Октябрьский район,ORE,"269164,8","134,4","145,75","79,95","130,15","107,05","126,55","185,9","149,75001","120,15001","121,25","114,25","64,85","118,9","117,55","94,95","147,6","109,60001","100,3","123,3","142,45"
-1396080,Бузулукский район,ORE,"380384,5","177,13334","165,66667","97,9","150,56667","127,6","158,56667","217,49999","170,83334","127,43333","149,93333","154,43333","101,46667","154,8","137,50001","114,96667","190,2","138,86666","141,86667","174,06667","183,26667"
-1396089,Переволоцкий район,ORE,"273323,3","130,6","143,25","79,25","128,50001","104,85","125,35","179,40001",146,"114,5","117,7","116,40001","62,65","116,4","115,3","93,7","150,25","106,8",97,"124,3","134,55"
-1395091,Беляевский район,ORE,"370606,6","107,7","128,8","65,9","116,75","97,7","103,55","166,50001","130,10001","111,4","107,3","90,55","55,8","98,9","107,65001","82,6","135,45","97,85","84,9","96,15","118,65"
-1398505,городской округ Новотроицк,ORE,"39819,5","93,46149","120,45151","60,46038","111,93376","92,5149","94,98432","147,5664","115,1298","105,00095","92,97924","70,24168","52,13376","93,01998","104,8466","74,82282","125,72472","90,94358","78,60603","77,15659","111,83377"
-1395096,городской округ Орск,ORE,"141143,6","90,31805","114,80439","56,56315","109,15797","88,35949","95,82228","143,12973","109,82006","99,20587","87,94429","68,49759","51,20947","92,52939","103,07243","73,05617","121,50824","87,85164","77,34111","76,60468","110,10789"
-1395097,Тюльганский район,ORE,"189159,9","131,2","145,00001","77,5","131,85","104,8","122,3","187,1","149,5","117,15","117,40001","105,1","67,9","118,25","116,45","94,75","139,75001","107,9","98,1","115,5","138,85001"
-1395087,Домбаровский район,ORE,"359919,9","75,5","96,3","47,8","91,45","73,8","79,4","122,45","96,1","94,95","79,7","60,7","45,5","78,35","90,3","67,1","109,25","79,3","69,75","63,4","97,85"
-1398615,городской округ Оренбург,ORE,100089,"120,03139","134,55707","71,74307","119,2155","96,98952","112,97656","171,11425","137,59296","109,69868","110,01048","103,59438","57,95009","106,6416","109,59399","88,03634","139,891","98,96998","87,36894","111,06986","121,7025"
-1395095,Саракташский район,ORE,"366200,3","116,4","136,95","70,2","126,8","102,1","110,6","176,40001","142,3","113,7","110,9","95,35","61,45","108,3","110,65001","87,75","135,60001","101,2","90,8",103,"127,8"
-1395092,Кваркенский район,ORE,"522027,6","90,6","114,9","56,06667","106,26667","85,1","98,93333","136,53334","105,53334","87,13334","82,33333","70,23333","58,73333","97,03334","99,4","74,1","111,96666","83,3","78,43333","85,9","105,03334"
-1396091,Новоорский район,ORE,"294959,4","89,85","113,4","55,6","108,65001",86,"95,65","140,35","108,55","95,4","85,1",70,"53,55","95,35","104,15","74,8","120,2","86,2","78,35","79,7","109,95"
-1396082,Асекеевский район,ORE,"236798,5","178,90001","162,25","96,45","147,05","124,3","162,40001","223,7","168,2","126,35001","143,7","149,2","99,2","150,05","134,85","115,9","184,7","140,85001","140,1","168,95","182,8"
-1395190,Тоцкий район,ORE,"310251,7","154,64501","151,88976","88,76906","140,29216","117,77075","144,00305","194,92202","156,6566","117,71426","137,51635","143,62224","86,7713","138,35519","126,42182","104,26399","172,27812","123,44879","123,33736","155,81419","158,65363"
-1395088,Акбулакский район,ORE,"497675,6",97,"125,43333","61,36667","113,16667","89,2","99,9","157,46667","120,76667","104,96667","101,26667","91,43334","53,56667","93,1","102,5","81,2","132,70001","94,3","80,00001","96,53334","108,36667"
-1395099,Адамовский район,ORE,"653062,7","82,75","108,7","53,4","98,85","76,35","91,3","123,1","97,05","83,4","76,4","66,5","54,55",88,"92,75","71,8","107,2","78,15","73,2","78,8","97,75"
-1395228,Грачёвский район,ORE,"173716,8","172,64927","160,84184","95,12464","146,7139","123,30767","157,50339","215,96545","166,35938","125,16359","142,11835","147,38847","95,30595","148,1548","132,21002","112,39866","180,72183","136,09692","136,05448","165,31918","178,26443"
-214670,Курмангазинский район,ATY,"2153465,2","63,98889","86,1","66,88889","79,52222","73,56667","72,73333","75,42222","63,7","73,66667","85,42222","85,01111","61,88889","66,47778","65,38889","63,31111","87,05556","70,24444","58,42222","77,76667","54,86667"
-214836,Исатайский район,ATY,"1442427,3","53,02857","84,58572","66,18572","68,07143","55,38571","67,34286","70,52857","59,28572","68,22857","69,64286","77,75715","49,92857",55,"59,71429","58,22857","89,84286","63,78572","51,42857","71,2","52,14286"
-214839,Махамбетский район,ATY,"886870,4","43,85","87,725","62,95","64,5","41,225","65,375","71,025","60,075","63,975","60,2","70,4","42,575","51,675",60,"55,675","94,45","62,175","48,55","66,5","53,025"
-214840,Жылыойский район,ATY,2961141,"44,79167","95,03334","71,8","59,075","46,35","61,38333","80,90833","62,08333","75,8","82,56667","69,19167","45,16667","63,04167","56,06667","64,03334","107,18334","60,58333","48,79167","82,03333","62,19167"
-3389541,Атырау Г.А.,ATY,"433723,9","38,26818","81,7481","60,80604","57,97519","38,13478","60,33883","67,67703","58,38364","61,72349","58,11545","67,14619","38,88453","47,90645","53,51051","53,65993","89,82816","58,27512","44,30515","63,63951","50,67298"
-1858730,Кизлярский район,DA,"13780,9","86,64698","107,16992","87,00752","119,51954","104,99059","75,63571","78,26842","73,4891","92,98459","127,91954","111,69134","79,03721","89,26315","79,56916","97,08909","107,91127","78,48759","104,01353","88,71804","78,08458"
-1858723,Дербентский район,DA,"105,4","89,49923","146,31066","148,36584","157,49613","134,6646","104,01932","86,30278","104,6898","107,62287","158,45517","125,42087","91,70123","113,75317","79,37991","129,3646","136,4394","83,69135","148,37326","82,87914","81,82952"
-1858727,Карабудахкентский район,DA,"1739,9","115,22767","162,18969","127,70377","171,92867","143,5429","109,84616","98,75635","105,46063","107,96554","187,79145","145,42591","97,87321","122,47584","103,22503","137,981","153,18276","97,73258","159,0429","108,90554","110,90302"