OSM_ID,2001,2002,2003,2004,2005,2006,2007,2008,2009,2010,2011,2012,2013,2014,2015,2016,2017,2018,2019,2020
-3397460,"23,77188972","22,71244277","21,48709697","23,78894037","24,21382529","24,58294992","23,23225858","24,89585298","22,9405533","25,12258117","23,47419407","25,1838713","24,14838748","23,92626762","23,69815703","24,29539237","23,89723569","23,51981588","24,04055325","24,70184375"
-3397459,"20,71190484","19,72142919","18,90238094","21,10476208","20,84285736","21,61190542","20,33333365","21,89523824","20,33571466","22,66904799","20,31904793","22,67619101","21,27142906","20,88095284","20,77380975","21,71190484","20,53809547","20,07381026","20,8738095","21,65714296"
-3397458,"21,45952415","20,67619069","19,53809484","21,82142893","21,76666673","22,40476227","21,64523792","22,6666673","21,43095303","23,82619127","21,11904812","23,62381013","22,38571485","22,08095264","21,94047642","22,76190503","21,62857215","21,41904799","21,82619095","22,67142868"
-3397457,"22,63095252","21,88333352","20,76190535","23,06190523","23,04285781","23,63095284","23,05000019","23,71190516","22,56190491","24,89999994","22,34285736","24,6047624","23,50000032","23,41428598","23,16666698","23,8023812","23,12142881","22,70952447","23,19523811","23,9333334"
-3397456,"22,08163316","21,22244971","20,07755116","22,48979596","22,52653095","23,10816356","22,01836804","23,36326599","21,77551024","24,10816383","21,7857151","23,96326583","22,78775569","22,53061267","22,326531","23,14693941","22,34693936","21,85918427","22,4469392","23,16938782"
-3397455,"21,68022009","20,73516523","19,68241765","21,99670366","22,09120926","22,63186866","21,32307713","22,8857146","21,11538491","23,43626433","21,36813222","23,42087936","22,21098929","21,95164886","21,73626386","22,55054973","21,793407","21,24945098","21,94175867","22,6274728"
-3397454,"20,56666692","19,66666667","18,85238139","20,97142855","20,60952377","21,47142919","20,48095258","21,72380956","20,48095258","22,86666679","20,12381045","22,76666705","21,48571396","21,00952403","20,94761976","21,88571485","20,47618993","20,28571447","20,76666641","21,7380956"
-3397453,"20,20952415","19,24285825","18,43333371","20,64761925","20,24285762","21,05714289","19,90476227","21,37619082","19,96666718","22,29523786","19,79523849","22,27142906","20,91904831","20,47619057","20,39523888","21,38095284","19,97619057","19,69047674","20,35714277","21,25714238"
-3397452,"23,07142878","21,99642887","21,01500034","23,23357172","23,34714346","23,89214315","22,33642893","24,2800004","22,18928623","24,28428602","22,68428593","24,64714327","23,07428598","22,91928596","22,65857172","23,52571459","22,83857183","22,05357189","23,15500002","23,79571466"
-3397451,"23,80904802","22,9638099","21,76142883","24,15142879","24,43190524","24,70523847","23,79238129","24,91285776","23,30571461","25,4923816","23,63000043","25,34571482","24,49333388","24,31761964","24,06857179","24,66809584","24,26047649","23,88047663","24,32714335","24,99761957"
-3397450,"21,18907592","20,16974831","19,43025264","21,56974837","21,37226935","22,11512633","20,64705927","22,45126107","20,67647092","22,93865597","20,85546292","23,11932833","21,32605059","21,17731139","20,99159701","21,9361349","21,0075632","20,20672327","21,39159696","22,09915991"
-3389531,"20,8203652","19,90629858","18,92139171","21,13184792","20,91895048","21,69327145","20,58619724","21,99189934","20,54676355","22,94625731","20,36857693","22,86467391","21,54764864","21,1922811","21,06761512","21,96747367","20,76486396","20,44411282","20,97185981","21,83026198"
-215684,"21,19428596","20,31714325","19,24285736","21,51142883","21,48571472","22,18857117","21,14857216","22,46000023","20,99714317","23,38285789","20,85142899","23,24285812","22,00000038","21,68571472","21,53714294","22,38571472","21,29428596","20,99428635","21,47142868","22,28857155"
-1957535,"24,22017155","23,69442448","22,31926682","24,29922301","24,16687644","24,68099073","24,67040531","24,52266392","23,45668266","25,92250184","23,7896724","25,65235258","24,71573531","25,42730425","25,1229564","25,10088422","24,98029224","25,05877413","24,98189915","25,36505878"
-1957534,"24,22142982","23,66428661","22,30714321","24,22142887","24,11428547","24,62857246","24,68571472","24,44999981","23,39285755","25,9285717","23,74285793","25,6071434","24,62857151","25,35714245","25,09285831","25,0714283","24,87142849","24,98571491","24,9285717","25,37142849"
-1863176,"24,22709822","23,79345018","22,3506657","24,43054403","24,2956111","24,80503529","24,79755589","24,61011086","23,66426457","26,13853996","23,82285154","25,75588465","24,78711535","25,43400629","25,16876908","25,19546773","25,01324293","25,00745087","25,06056069","25,53972645"
-1863175,"24,20490621","23,78816766","22,3571434","24,46652372","24,43016267","24,88528453","24,81183272","24,69711692","23,6359308","26,13102535","23,91140181","25,76897617","24,76450136","25,43102459","25,15959553","25,17633446","25,02857208","25,00245289","25,02409727","25,54285812"
-1863174,"24,12857246","23,67142868","22,23571396","24,3214283","24,20000076","24,72857189","24,70000076","24,56428623","23,61428642","26,07143021","23,66428566","25,72857189","24,6071434","25,27142906","25,02142906","25,0714283","24,75714302","24,85000038","24,89285755","25,5"
-1853865,"24,22369298","23,77072889","22,3278724","24,38431448","24,28048671","24,77038036","24,79024393","24,59477199","23,63727907","26,12334407","23,80417893","25,75226441","24,74145723","25,40382952","25,16167211","25,18048633","24,96027286","24,98501504","25,02264351","25,5282223"
-1853863,"22,8214283","22,60000038","20,96428585","22,72857285","22,67142868","22,99285793","23,39999962","23,1785717","22,29285812","24,65714264","22,20000076","24,12857151","22,96428585","23,79285717","23,62857151","23,62857151","23,20714283","23,41428661","23,57857227","24,07142925"
-1853861,"23,61785746","23,19285727","21,76071453","23,79642868","23,61428642","24,07500029","24,26785707","24,07142925","23,1785717","25,58214331","23,11785746","25,17142916","23,96428585","24,67500067","24,47142887","24,51428604","24,10357141","24,30000067","24,32142878","24,98928642"
-1853860,"23,9761912","23,49523799","22,05238152",24,"23,83333333","24,27619108","24,53809611","24,25714366","23,26666641","25,71904818","23,44761976","25,39047686","24,34761937","25,0714283","24,84761937","24,85238139","24,55238088","24,69047674","24,64761925","25,05714353"
-1853857,"24,07142925","23,41428661","22,16428661","23,87857246","23,88571453","24,44285774","24,39285755","24,19999981","23,02142906","25,53571415","23,52857208","25,25714397","24,3214283","25,22142887","24,96428585","24,80714321","24,75000095","24,91428661","24,6071434","24,97142887"
-1853856,"23,5333341","23,09523837","21,61904844","23,60000038","23,44285774","23,81904793","24,19523875","23,89523824","22,97619057","25,36666679","22,98571396","24,9761912","23,83333397","24,55714226","24,38095284","24,42381032","23,99523799","24,18095271","24,24285762","24,78571447"
-1850408,"22,86428595","22,46428585","20,98928547","22,93571472","22,80000067","23,18928576","23,50357151","23,31785774","22,46785736","24,79642916","22,32142878","24,3285718","23,08214331","23,83571434","23,69285774","23,70000029","23,27500057","23,47142935","23,60714293","24,23571491"
-3389541,"24,49999023","23,85119338","22,68328966","24,91011277","24,86485158","25,44400569","25,09887062","25,30353453","24,28924063","26,69583764","24,20596897","26,28505606","25,24461514","25,68571472","25,32855179","25,47736818","25,25538542","24,96372164","25,21844993","25,93933222"
-214840,"24,68571472","23,98690494","22,74642897","25,12142928","25,18690523","25,64404806","25,04404815","25,59166718","24,35714308","26,6178573","24,51666705","26,34166733","25,50357167","25,63095299","25,28571463","25,69880978","25,3892862","25,03809579","25,38928652","26,04166683"
-214839,"24,27500057","23,65714312","22,45357132","24,68928576","24,61071491","25,19642878","24,91785765","25,0785718","24,07500029","26,49285746","23,96428633","26,05000019","25,00000048","25,45714331","25,1071434","25,25357199","25,01428652","24,78571463","25,02857208","25,78928614"
-214838,"24,45714283","23,81428623","22,64999962","24,93571472","24,89285755","25,50000095","25,05000114","25,33571434","24,29285812","26,68571472","24,26428604","26,27857208","25,25714302","25,65714359","25,27857208","25,47142887","25,24285698","24,93571472","25,18571472","25,91428661"
-214837,"23,65357176","22,94285742","21,78333362","24,09047635","24,05238104","24,65476243","24,15000025","24,59047715","23,49642913","25,84523884","23,38690551","25,52023888","24,49880966","24,65476243","24,3107144","24,71785752","24,31666708","23,90595277","24,31309541","25,03095277"
-214836,"24,06530653","23,53673472","22,20816367","24,39183698","24,32653127","24,830613","24,74898011","24,71836799","23,74898011","26,18979645","23,72040912","25,75510243","24,63877623","25,25102098","24,95102092","25,02449063","24,77551052","24,66938782","24,84285736","25,55918394"
-214835,"23,68285713","23,0514286","21,88285751","24,03142891","23,99714279","24,61142921","24,25999985","24,52571487","23,52571487","25,9142868","23,36285744","25,48285751","24,38000069","24,80285759","24,48285675","24,64571495","24,35714302","24,16285744","24,44857216","25,1771431"
-214670,"23,76190525","23,32539728","21,89682558","23,98412726","23,81746059","24,32380973","24,38571485","24,2730164","23,34285715","25,77142927","23,29841317","25,37301636","24,20317501","24,87301678","24,62857225","24,66825422","24,33174663","24,41904789","24,50634978","25,16349241"
-1957640,"23,73200762","22,68806644","21,68915134","23,03254934","22,94575187","23,68698148","23,1303798","23,603437","22,00343669","24,38535296","22,65949436","24,1023521","23,34520908","24,53255118","24,0435824","23,94520939","24,18806637","24,48806568","23,85895264","23,98860816"
-1749743,"24,28173928","23,3396328","22,2968007","23,66300825","23,49627089","24,27650941","23,76055911","24,10251878","22,55181724","24,95519432","23,20849715","24,67219051","23,99058675","25,14280392","24,64320799","24,56973587","24,76175456","24,95805831","24,40710552","24,63206662"
-1749742,"16,5265239","15,41391816","14,41320462","15,82702256","15,69657561","16,4964748","15,67068315","16,38233615","14,5984168","17,1110755","15,39735263","16,74066318","16,01200802","17,26747318","16,74098344","16,62581933","16,89731661","17,19628855","16,56700445","16,65416277"
-1749741,"16,41489986","15,29951873","14,29936467","15,71321468","15,57778877","16,37724067","15,55088899","16,26718323","14,48033107","16,99131669","15,2802186","16,61983097","15,89234077","17,14906394","16,62258401","16,50711821","16,78184854","17,07801316","16,44435723","16,53238896"
-1749740,"23,55355064","22,50579286","21,50927993","22,85878088","22,76698865","23,51969509","22,94322797","23,42120992","21,81404514","24,21625344","22,48796532","23,91838139","23,16529138","24,36113818","23,87283199","23,76383072","24,00899707","24,3002785","23,66996406","23,808148"
-1749739,"22,51739442","21,45689993","20,46313791","21,81943175","21,71869393","22,44552661","21,87478289","22,37940679","20,76836606","23,12832781","21,42260632","22,86010117","22,10665294","23,31420583","22,79450291","22,70850009","22,95288936","23,25397054","22,61903681","22,75262889"
-1749738,"23,45714378","22,38571548","21,41428566","22,77142906","22,65714264","23,3571434","22,81428528","23,32857132","21,72857285","24,01428604","22,3571434","23,80000114","23,04285812","24,27142906","23,70000076","23,6428566","23,88571358","24,18571472","23,54285812","23,70000076"
-1749737,"20,49064883","19,43685474","18,43181101","19,83354399","19,6334902","20,45763356","19,73239942","20,29427959","18,60519013","21,09929063","19,39905368","20,7346421","20,01201585","21,23583415","20,78077162","20,59893742","20,87253594","21,0946918","20,43551733","20,6325097"
-1749736,"24,28571415","23,25714397","22,27857208","23,58571529","23,50000095","24,25714397","23,70714283","24,11428642","22,56428623","24,87142944","23,19285679","24,63571453","23,93571472","25,12857151","24,60000038","24,5357151","24,75000095",25,"24,40714359","24,58571529"
-1749734,"24,13622957","23,10271595","22,14506722","23,44365951","23,3603634","24,08799215","23,55541933","23,99730645","22,44207753","24,73814369","23,05343887","24,49286802","23,75293468","24,97128704","24,43421091","24,34950595","24,5889348","24,8752202","24,27021109","24,43763904"
-1749733,"23,40230988","22,33325706","21,35945191","22,74160402","22,61659493","23,42494167","22,76301459","23,24754272","21,62134573","24,11184398","22,38327304","23,74754272","23,0165963","24,26779903","23,76898677","23,60349663","23,85945191","24,09396314","23,45229253","23,6594529"
-1749732,"14,8188557","13,70457","12,68680059","14,10108624","13,96363032","14,67478225","13,98836744","14,61380526","12,9347082","15,34237692","13,62809071","15,03314191","14,30457002","15,5617134","15,0064869","14,91885549","15,17251454","15,48139938","14,83505881","14,93854257"
-1749731,"23,39229341","22,32247007","21,34943539","22,73274333","22,60657841","23,41685139","22,75184234","23,23675573","21,60978823","24,10336849","22,37479755","23,73675573","23,00657983","24,25970875","23,76051123","23,59309485","23,84943539","24,08202043","23,43996451","23,64943643"
-1749729,"23,66026607","22,6089238","21,61936433","22,96424512","22,86871766","23,60028879","23,04616917","23,52542219","21,92975203","24,2758896","22,57656294","24,01856944","23,27010802","24,46837297","23,95133715","23,87016053","24,10859626","24,40029421","23,77191903","23,91629604"
-1749728,"17,18931475","16,1341288","15,10376469","16,52116241","16,28167356","17,10832431","16,31606101","16,97593898","15,2161875","17,70864045","16,02644408","17,34755656","16,62700245","17,8310958","17,3934224","17,21976552","17,50579386","17,74411658","17,07913157","17,23546283"
-1749727,"19,89617322","18,80879621","17,81639723","19,19480491","19,07003408","19,75555996","19,1890794","19,72610391","18,11901986","20,42776668","18,7493594","20,19118544","19,44467456","20,683878","20,1128915","20,04998963","20,29314139","20,59831103","19,95043296","20,09133245"
-1749726,"23,74285698","22,70000076","21,70000076","23,04285622","22,95714378","23,70000076","23,1428566","23,61428642","22,01428604","24,39999962","22,67142868","24,11428642","23,3571434","24,54285812","24,05714417","23,95714378","24,20000076","24,5","23,87142944",24
-1963798,"23,33096742","22,35996093","21,34354227","22,77701453","22,54158619","23,36777971","22,72672879","23,18838048","21,51414158","23,96188597","22,31302726","23,68710423","23,08077676","24,21678987","23,87169251","23,54605331","23,89257679","23,91890929","23,31694053","23,54083876"
-1858775,"24,18571472","23,22857094","22,24285698","23,60000038","23,6428566","24,2857151","23,84285736","24,05714226","22,58571434","25,11428642","23,25714302","24,74285698","24,05714417","25,17142868","24,74285698","24,61428642","24,77142906","25,01428604","24,41428566","24,74285698"
-1858774,"23,68571472","22,7142868","21,67142868","23,04285812","22,81428528","23,55714417","22,94285774","23,39999962","21,72857094","24,22857094","22,55714417","23,89999962","23,27142906","24,44285774",24,"23,90000153","24,14285851","24,30000114","23,60000038","23,84285736"
-1858773,"24,51428604","23,52857208","22,44285774","23,94285774","23,68571472","24,5714283","23,91428566","24,38571548","22,7142868","25,15714264","23,52857208","24,8571434","24,18571472","25,37142944","24,98571396","24,70000076","25,08571434","25,07143021","24,44285774","24,61428642"
-1858771,"24,34285736","23,45714188","22,38571548","23,81428528","23,64285851","24,38571548","23,79999924","24,1428566","22,5714283","25,08571434","23,32857132","24,80000114","24,11428642","25,2857151","24,7857151","24,6428566","24,84285736","25,05714226","24,51428604","24,72857094"
-1858770,"23,68571472","22,7142868","21,67142868","23,04285812","22,81428528","23,55714417","22,94285774","23,39999962","21,72857094","24,22857094","22,55714417","23,89999962","23,27142906","24,44285774",24,"23,90000153","24,14285851","24,30000114","23,60000038","23,84285736"
-1858769,"24,51428604","23,52857208","22,44285774","23,94285774","23,68571472","24,5714283","23,91428566","24,38571548","22,7142868","25,15714264","23,52857208","24,8571434","24,18571472","25,37142944","24,98571396","24,70000076","25,08571434","25,07143021","24,44285774","24,61428642"
-1858768,"24,20489199","23,21413943","22,10889238","23,59964556","23,48115157","24,32863139","23,48535978","24,18135787","22,4759049","24,70447584","23,28998274","24,46099718","23,81834738","25,05216436","24,64712614","24,23284048","24,6712813","24,72780252","24,06099756","24,18473695"
-1858767,"24,52857208","23,55714417","22,48571396","23,95714378","23,80000114","24,65714264","23,84285736","24,48571396","22,82857132","25,05714226","23,65714264","24,8571434","24,20000076","25,39999962","25,01428604","24,60000038","25,01428604","25,11428642","24,45714378","24,58571434"
-1858766,"20,60000038","19,64285851","18,55714226","19,94285774","19,74285698","20,54285812","19,8571434","20,41428566","18,70000076","21,10000038","19,51428604","20,87142944","20,2142868","21,38571548","21,0714283","20,68571472","21,10000038","21,15714264","20,54285812","20,61428642"
-1858765,"14,28024984","13,17242978","12,2556432","13,63422325","13,34395131","14,13839501","13,24495307","14,10267732","12,18403763","14,60715077","13,03224411","14,37530268","13,60178964","14,80596149","14,47997194","14,20647474","14,57402592","14,76380902","14,06541082","14,21578456"
-1858764,"14,97384831","13,81986929","12,92859364","14,25716496","13,98257323","14,77145081","13,85793051","14,73933328","12,79762463","15,21785361","13,70836352","14,99560915","14,24048142","15,44009884","15,12303215","14,77183397","15,19685908","15,35160422","14,61507372","14,79522637"
-1858763,"14,43716123","13,27050551","12,31954944","13,72807825","13,4713208","14,23123584","13,4106754","14,26573512","12,38521818","14,79937509","13,16854769","14,45903351","13,73686226","15,01698963","14,53656401","14,41076253","14,76539085","14,98829065","14,25059106","14,35626277"
-1858762,"14,68950334","13,57789603","12,60370527","14,02500004","13,75872822","14,54465476","13,70196063","14,52528053","12,6535037","15,09097854","13,45091584","14,76141207","14,03129734","15,27581963","14,84264468","14,68918885","15,01893277","15,24540858","14,54097463","14,65944462"
-1858761,"16,82311114","15,8090357","14,7534912","16,1509799","15,89726095","16,70178868","15,90531554","16,6020879","14,80752674","17,24213398","15,64052109","16,99052299","16,21235262","17,41990098","17,1097408","16,87534144","17,20642368","17,39405051","16,77615049","16,82030376"
-1858760,"18,61813586","17,61187642","16,44044848","17,9690194","17,90385054","18,72126554","17,81010961","18,6435778","16,82126593","19,03868203","17,6516044","18,76588933","18,10698061","19,40698027","19,0087478","18,5721495","19,06901978","19,06276076","18,3547334","18,43555193"
-1858759,"23,64623317","22,65757422","21,62827414","23,00418043","22,79743551","23,55539965","22,93195127","23,39021557","21,73145957","24,23088472","22,54439666","23,8950095","23,2441291","24,43255366","23,9761181","23,86076458","24,10485419","24,27809769","23,59563874","23,8320804"
-1858758,"17,61294941","16,61846854","15,54520028","16,94336044","16,70602235","17,50602349","16,73318612","17,40234369","15,62582714","18,05071942","16,45255875","17,80970215","17,04054421","18,24931188","17,94747102","17,69866375","18,03827309","18,20743065","17,6055908","17,62723545"
-1858757,"15,33139174","14,19032774","13,2777013","14,68018207","14,41060741","15,18626263","14,232226","15,20115759","13,20065826","15,60633083","14,07325166","15,32326705","14,61340845","15,84681577","15,4954861","15,24439998","15,6361426","15,8195705","15,08061486","15,21172618"
-1858756,"24,19285774","23,3571434","22,2857151","23,74285793","23,59285736","24,29285812","23,87857151","24,06428528","22,57857227","25,13571453","23,26428604","24,84999943","24,20714378","25,14285755","24,80000114","24,6785717","24,77857208","24,89285755","24,50714302","24,75714302"
-1858755,"21,38719669","20,37930259","19,22207915","20,74330923","20,6669993","21,49438398","20,60597387","21,40080941","19,60401325","21,83859829","20,41601809","21,55309105","20,90345595","22,1910628","21,77950237","21,35640901","21,83463337","21,83183974","21,14461114","21,24661487"
-1858754,"22,3775106","21,35431666","20,18288816","21,71145851","21,66322416","22,48910641","21,58641772","22,39448416","20,58910679","22,81498902","21,38557626","22,49986232","21,87482034","23,17482113","22,74271966","22,32305586","22,81145889","22,7882665","22,09717364","22,20339166"
-1858753,"21,78736371","20,84242188","19,74443168","21,24273636","21,00259294","21,846291","21,07404819","21,7968515","19,9900534","22,38399104","20,81838899","22,15577862","21,36233962","22,61697095","22,27205054","21,87300982","22,27330485","22,30461678","21,70186223","21,83090433"
-1858752,"15,4493958","14,24660248","13,31266806","14,64289111","14,45398456","15,24331893","14,22765603","15,30269","13,22015292","15,59358032","14,15734329","15,25630146","14,60075686","15,94595103","15,60382732","15,18921","15,68116447","15,69695273","15,01247749","15,10167322"
-1858751,"24,26857185","23,34285698","22,33714333","23,74000053","23,68000069","24,36857224","23,9057148","24,15714302","22,66000023","25,14571457","23,32285767","24,81428566","24,15428619","25,24285736","24,79428596","24,70285759","24,85428619","25,04857178","24,52000008","24,79142914"
-1858750,"23,67170887","22,65813697","21,66988754","23,06367488","22,87316212","23,66654391","23,0281761","23,48510684","21,83582439","24,32765551","22,62806102","23,99327571","23,34298282","24,53011235","24,0917632","23,90039583","24,1656107","24,31609791","23,67285403","23,92409209"
-1858749,"23,94682902","22,92902901","21,75111541","23,28613437","23,24545155","24,06968783","23,1760524","23,96548462","22,16965208","24,39608547","22,96194656","24,06967579","23,4618502","24,74251731","24,31470645","23,89829529","24,37543524","24,36410944","23,67399945","23,7903613"
-1858735,"18,62774572","17,60926922","16,61592397","18,007553","17,73291622","18,54548074","17,7311853","18,45238107","16,6708479","19,0501569","17,48587179","18,83193024","18,04324956","19,3329134","18,99645916","18,63069621","19,02355125","19,13094327","18,486361","18,60212775"
-1858734,"16,79864096","15,70760929","14,76903708","16,13325082","15,85570183","16,6624596","15,76749686","16,60598209","14,73055015","17,11451894","15,58879794","16,8775169","16,08906456","17,40213484","17,06424428","16,6974539","17,1074955","17,21795095","16,54712486","16,68003081"
-1858733,"17,63227995","16,62765461","15,45700905","16,98356418","16,91343145","17,72825418","16,81380392","17,65814306","15,82653952","18,04445773","16,66804947","17,78095507","17,11515806","18,41688252","18,02625095","17,58661446","18,08613219","18,08332232","17,37142429","17,44379952"
-1858732,"23,75116077","22,78113699","21,81035594","23,23404861","22,99557053","23,80761836","23,18631315","23,61513819","21,95221419","24,41695504","22,74123581","24,13635637","23,56855183","24,67640622","24,33519","24,01638484","24,32695015","24,35983066","23,76997458","24,0595566"
-1858731,"15,5009151","14,35112328","13,42071402","14,7618722","14,53316098","15,34744757","14,39228127","15,32411177","13,34588796","15,73513863","14,24928498","15,4406517","14,70119249","16,07431957","15,73146292","15,32976436","15,76894508","15,79949405","15,17799578","15,27983395"
-1858730,"24,18498812","23,32788061","22,25339117","23,67451564","23,55930349","24,27455116","23,75674932","24,02696488","22,49977363","25,0082762","23,23131243","24,74677876","24,09346157","25,18446664","24,73781743","24,61424724","24,76335813","24,91930323","24,43990828","24,64733921"
-1858729,"23,78044825","22,80902033","21,78576226","23,17025826","22,93841911","23,69761086","23,08332488","23,53066651","21,86250501","24,35597151","22,68127756","24,0372","23,42496275","24,58005813","24,16006719","24,01106836","24,2669919","24,39473467","23,72086746","23,98005775"
-1858728,"22,28424626","21,33358374","20,23806635","21,73524511","21,49919046","22,34844189","21,5860762","22,27627235","20,49412163","22,88217813","21,32103119","22,64812006","21,87718142","23,12037304","22,76829847","22,38018195","22,77993053","22,81057094","22,20160439","22,33516171"
-1858727,"22,94771813","21,97303325","20,88808248","22,34483931","22,10879271","22,96125854","22,28937597","22,80064287","21,10916322","23,53462867","21,92376026","23,26333493","22,59307125","23,77625434","23,41826223","23,09245573","23,4890531","23,50332848","22,88042716","23,0135605"
-1858726,"21,07882043","20,12665277","19,01667593","20,52022312","20,30530099","21,1442399","20,35027256","21,09377148","19,28140789","21,64911255","20,1121224","21,41699404","20,63997694","21,90207106","21,55167585","21,14487713","21,5602483","21,58638168","20,96775799","21,08775795"
-1858725,"21,15828697","20,17458088","19,1215488","20,50438169","20,27072602","21,03671098","20,35547731","20,90108118","19,18600418","21,6589251","20,01399398","21,36203264","20,6724173","21,86089674","21,47185148","21,32176556","21,59759502","21,76672452","21,10517001","21,26086921"
-1858724,"15,45868501","14,40685241","13,18143001","14,68454514","14,61815023","15,40538577","14,45993934","15,4792069","13,47684677","15,75728854","14,42687667","15,46827366","14,88019479","16,23213314","15,78955259","15,4026396","15,94138953","15,91706784","15,17208209","15,12726069"
-1858723,"24,12808073","23,13403016","22,02250374","23,51692421","23,40484137","24,25048753","23,40226903","24,1083988","22,39322294","24,62290245","23,2046887","24,3714029","23,73044124","24,97072262","24,56247876","24,14828548","24,59098727","24,63921058","23,97103375","24,09390246"
-1858722,"19,48571812","18,48018179","17,42411405","18,88054195","18,65390363","19,48520917","18,64954896","19,44174749","17,58662876","19,96450274","18,43408917","19,71787602","18,94323249","20,23750377","19,89056577","19,48875821","19,90703147","19,93965005","19,3198842","19,43643185"
-1858721,"15,37870949","14,26151462","13,35747007","14,70070555","14,41132506","15,21499159","14,33660902","15,15051642","13,27617878","15,69008561","14,1435621","15,48641946","14,68970725","15,91208201","15,59046431","15,24394155","15,64027507","15,80070593","15,10108425","15,27213385"
-1858720,"16,7219595","15,71259566","14,64584913","16,0552129","15,78894584","16,6029926","15,80791396","16,49362869","14,70791358","17,15521297","15,5364849","16,8749003","16,11259528","17,31283585","16,98474349","16,76553608","17,08474324","17,27982212","16,6517299","16,71751755"
-1858719,"18,10409935","17,08832114","16,06435647","17,44554344","17,19895088","18,00200335","17,22079631","17,90156353","16,1204464","18,52685216","16,94961152","18,301547","17,55149794","18,77094258","18,45465147","18,12658714","18,50802563","18,63455853","18,00012206","18,08461538"
-1858718,"19,98062963","19,00974847","17,93354448","19,32422829","19,10856191","19,90536531","19,1986205","19,78073393","18,05115872","20,46867508","18,87009262","20,22650933","19,53694503","20,71939356","20,39780452","20,08088","20,45547137","20,55522935","19,93860706","20,01255561"
-1858717,"15,80191356","14,77338229","13,71621915","15,14475099","14,83056441","15,67336198","14,85911657","15,54483129","13,75911618","16,24475042","14,5876875","15,88776742","15,17338191","16,34487039","15,95927639","15,75923577","16,05927487","16,27352181","15,58792667","15,75913612"
-1858716,"24,17142868","23,3214283","22,23571491","23,67142868","23,55000019","24,27857208","23,72857094","24,02857113","22,48571396","24,97857189","23,22857189","24,72857189","24,05714321","25,20714378","24,72142887","24,58571434","24,76428604","24,94285679","24,42142868","24,62142849"
-1858715,"16,25340331","15,16418792","14,00498614","15,46992918","15,36997009","16,14598794","15,18392487","16,25967101","14,24576102","16,524016","15,14658745","16,22226508","15,63393903","16,95341261","16,54188442","16,15020194","16,68541267","16,69786656","15,92946272","15,90793871"
-1858714,"15,42514953","14,38908139","13,35193033","14,78300093","14,47121376","15,30407521","14,47229683","15,19799536","13,38229236","15,85551135","14,20586573","15,51336293","14,79158007","15,97300482","15,5947881","15,39728656","15,70228392","15,91657039","15,23085584","15,39228844"
-1858713,"17,99173152","16,95357108","15,98904184","17,38054127","17,08393423","17,89972719","17,04657625","17,8166062","16,01489768","18,38792763","16,83041274","18,17245802","17,34587027","18,6709156","18,32806004","17,96841893","18,35517211","18,4779483","17,82400859","17,95243594"
-1858712,"16,33709425","15,27575405","14,17793429","15,64516522","15,54102196","16,35530751","15,41239633","16,30841529","14,40623573","16,67368359","15,28180778","16,39200313","15,71648664","17,0451114","16,67166559","16,23289756","16,72471868","16,71654008","16,03496823","16,1104876"
-945066,"23,38571453","23,03571415","21,56428623","22,97857189","23,05714321","23,55714321","23,72142887","23,55000019","22,3571434","24,80714321","22,75000095","24,32142925","23,6071434","24,35000038","24,02142811","24,20714378","23,90000057","24,12857151","23,91428661","24,20714283"
-942471,"23,35470811","22,99791117","21,56550993","23,09268419","23,02352317","23,54129408","23,66933985","23,53345298","22,28972476","24,81951275","22,74512605","24,35592581","23,6104551","24,39146763","24,07456682","24,21219797","23,93432396","24,17630958","23,93989766","24,26411287"
-938734,"24,05162079","23,3480196","22,17166756","23,81874884","23,75196448","24,34660009","24,21741085","24,11756911","22,90009463","25,37850481","23,43939669","25,1183387","24,28374855","25,19282592","24,90400107","24,71470652","24,79653219","24,91979644","24,58105527","24,88375292"
-938733,"23,26666705","23,01428604","21,40952428","23,24761899","23,12857183","23,49523799","23,90476163","23,63333384","22,71904818","25,06666756","22,69047674","24,63809522","23,48095322","24,27142906","24,11428642","24,12380981","23,68571409","23,85714277","23,98095258","24,52381007"
-938732,"23,54685397","23,67926041","22,08648625","22,74367074","23,25315157","23,49128882","24,19034552","23,7983559","23,01253246","24,66746043","23,10945573","24,64035562","23,77536756","24,43177851","24,12619106","24,20157626","24,06588156","24,3540045","24,13413504","24,45791399"
-938668,"22,78635351","22,67017039","21,00550206","22,70866215","22,65529374","23,00276604","23,41357059","23,15745333","22,29206431","24,58136753","22,23533493","24,1345779","22,96955882","23,83086435","23,67467145","23,63408797","23,25561661","23,44238204","23,5807475","24,05975105"
-938666,"23,53571415","23,52857208","21,94285774","22,77142906","23,20714283","23,49285793","24,05714321","23,6785717","22,80000019","24,66428566","22,97857189","24,51428604","23,70000076","24,44285774","24,15714359","24,23571491","24,05000019","24,3214283","24,16428566","24,40714264"
-938665,"23,29285812","22,94285774","21,45000076","23,02857113","23,07142925","23,51428604","23,69999981","23,43571472","22,38571548","24,86428738","22,7142868","24,44285774","23,49285698","24,30714321","24,06428623","24,07857227","23,79285717","23,97142887","23,92142868","24,27142906"
-938664,"24,00857162","23,35428581","22,15428619","23,72000008","23,66285744","24,30000038","24,08285713","24,08857231","22,76285744","25,28571434","23,34000053","25,0057148","24,18571472","25,10571442","24,79714317","24,66000023","24,71142921","24,82000084","24,48000031","24,81714363"
-938663,"23,72040858","23,2510207","21,81836755","23,5755103","23,54693958","23,96122442","24,20816394","23,92653084","22,9428572","25,34285791","23,15306146","25,01224491","24,00408145","24,77959197","24,53469467","24,54693903","24,27142933","24,44285692","24,33469445","24,7816331"
-938662,"23,22142887","23,0357151","21,47142887","23,1785717","23,14285755","23,48571491","23,90714359","23,57142925","22,7142868","25,03571415","22,71428585","24,59285736","23,49285698","24,30714321","24,13571453","24,14999962","23,75000095","23,93571472","24,0357151","24,50714302"
-938661,"22,48505409","22,43649265","20,73660261","22,32915932","22,35368339","22,69377464","23,15576403","22,82477007","21,99545929","24,21508912","22,02902903","23,84412101","22,68000864","23,54415388","23,39352475","23,3294981","23,00344583","23,20134968","23,30731448","23,72288034"
-938660,"23,62142944","23,16428566","21,66428566","23,63571453","23,51428604","23,88571453","24,25714302","23,93571472","23,02142906","25,42142963","23,05714321","25,03571415","23,92142868","24,65714359","24,45714283","24,49285793","24,09285736","24,27857208","24,31428623","24,81428623"
-938659,"23,79047648","23,18571472","21,94761976","23,42380969","23,46190516","24,07142957","23,842858","23,87142881","22,55238088","25,01428668","23,09047635","24,68095334","23,93809509","24,81904793","24,46666654","24,47142919","24,45238177","24,65714264","24,26190503","24,53809611"
-5515236,"25,57823076","24,84716485","23,42539561","25,41859348","25,72358357","25,9732411","25,74217553","26,02108817","24,63537459","26,43718702","25,26643979","26,3825394","25,74965944","26,35396731","25,93287953","26,01859353","26,10929715","26,11428642","25,66145046","26,0832197"
-5515125,"25,26438968","24,64768858","23,26142363","25,26922166","25,31263116","25,74417002","25,64417004","25,59537679","24,32394924","26,49427366","24,91559871","26,40966358","25,65196919","26,3983451","25,92153383","25,94658507","25,98944319","25,9762599","25,62042994","26,04361789"
-222960,"26,35000038","25,49132695","23,9545923","25,99744933","26,51224538","26,67806189","26,29285765","26,77142899","25,23979623","26,9755108","25,93775552","26,89846992","26,37398005","26,84846987","26,4556128","26,59795945","26,69846984","26,63061278","26,19387824","26,60204131"
-222957,"25,25","24,63571453","23,22857189","25,27142906","25,27857208","25,71428585","25,58571529","25,59285736","24,31428623","26,5","24,89285755","26,36428642","25,62857246","26,33571529","25,8571434","25,89285755","25,94285774","25,91428566","25,57857227","26,02857208"
-222955,"24,99523862","24,38571485","23,01428541","25,1190478","25,15238126","25,5809536","25,45238113","25,3809522","24,21904818","26,52380943","24,65714327","26,31904793","25,44285774","26,19523938","25,73333359","25,74285825","25,71904755","25,70000013","25,49523862","25,99047661"
-222948,"25,31571484","24,61928577","23,19642868","25,34928627","25,56428623","25,8578577","25,52142906","25,7564292","24,50714331","26,61928625","24,99428616","26,4328577","25,66214333","26,21714344","25,77214346","25,93642921","25,88500042","25,80428629","25,61857176","26,16071491"
-222946,"25,43233139","24,63533873","23,24812056","25,60150438","25,93984995","26,09323371","25,50526368","26,17293268","24,77594034","26,84661725","25,2150383","26,61503832","26,00225589","26,0729329","25,7631583","26,1917296","25,97293251","25,70075226","25,92030134","26,53458726"
-2573629,"20,10000038","19,11428642","18,34285736","20,48571396","20,04285812","20,88571548","19,65714264","21,2857151","19,81428528","22,15714264","19,67142868","22,27142906","20,5714283","20,20000076","20,15714264","21,15714264","19,8571434","19,30000114","20,24285698","21,15714264"
-2005276,"18,54235653","17,87105325","17,07105212","18,60000038","18,35664181","18,84260656","18,69949917","19,2424808","18,59987498","20,98546318","17,98571396","20,38609166","19,05701688","18,79949955","18,92794473","19,81441257","17,88533929","18,3137837","18,57055244","19,52807051"
-1927915,"19,62857151","18,69999981","18,09285736","20,10000038","19,63571548","20,47857189","19,47142887","20,7857151","19,6071434","21,92142868","19,25714397","21,85000038","20,53571415","19,89285755","19,96428585","21,0357151","19,25714302","19,22142887","19,73571491","20,80000019"
-1540277,"19,4285717","18,81428528","17,74285698","19,51428604","19,24285698","19,80000114","19,62857246","20,15714264","19,48571396","21,82857132","18,82857132","21,31428528","19,89999962","19,70000076","19,82857132","20,67142868","18,87142944","19,2142868","19,48571396","20,45714188"
-1398615,"20,341063","19,59643997","18,75553914","20,70718744","20,39911675","21,03520915","20,62308098","21,26811768","20,4666352","22,86973146","19,95864842","22,5064298","21,1735289","20,83504691","20,81787478","21,73327125","20,023751","20,29168668","20,49512845","21,52032687"
-1398584,"19,84664946","18,87906743","18,12868301","20,30483193","19,84607855","20,65210628","19,60041964","20,97730108","19,71699308","22,01803451","19,43693796","21,97309562","20,62052626","20,04171667","20,06234353","21,10837203","19,3732523","19,33164256","19,87205483","20,86567204"
-1398505,"20,11399043","19,12884249","18,39900359","20,54426018","20,08485424","20,88881552","19,81851918","21,25628292","19,92191558","22,2504869","19,70196876","22,20762885","20,83620124","20,26420693","20,295043","21,30932721","19,66307459","19,52134995","20,14878855","21,15048652"
-1396092,"20,01428604",19,"18,35000038","20,41428566","19,9642868","20,82142925","19,52857113","21,17142963","19,70714283","22,04285717","19,6071434","22,16428661","20,37857151","20,07857227","20,00714302","21,00714302","19,71428585","19,12857246","20,14999962","21,04285717"
-1396091,"20,00000095","18,95000076","18,44999981","20,40714264","19,98571491","20,82142925","19,65714359","21,14999962","19,81428528","22,21428585","19,61428642","22,17142868","20,62857151","20,15000057","20,16428566","21,11428642","19,63571453","19,33571434","20,09285736","21,02857208"
-1396090,"20,27619108","19,5","18,67619133","20,70476151","20,33809535","20,9761912","20,51428541","21,21428617","20,39523888","22,78095309","19,89523888","22,48095322","21,11904844","20,72380956","20,72380956","21,65714327","19,94285774","20,17142868","20,40000025","21,45238177"
-1396089,"19,95000076","19,27857208","18,22857189","20,15714264","19,96428585","20,57857227","20,19285679","20,82857227","20,05714321","22,47142982","19,50714302","22,05714321","20,69285774","20,37142944","20,37142849","21,27142906","19,55714321","19,87857246","20,06428623","21,08571529"
-1396088,"19,69168978","19,02966814","17,97341452","19,81292188","19,54460143","20,10777611","19,88897332","20,477534","19,74815292","22,13855871","19,15439853","21,68084622","20,24160986","19,98845853","20,07908899","20,96120167","19,14584758","19,5152877","19,76298563","20,72352173"
-1396087,"20,28095245","19,62381045","18,54285749","20,44761912","20,21428553","20,79999987","20,57142957","21,14761925","20,36190542","22,79523849","19,80000051","22,32380994","20,96666718","20,7238102","20,78571447","21,63333384","19,9285717","20,20476214","20,45238113","21,39047623"
-1396086,"19,7001398","18,89545301","18,29441002","20,18880372","19,727114","20,43254587","19,92262583","20,6563624","19,90653568","22,2671268","19,3545655","21,95446226","20,56786721","20,09279993","20,16980041","21,15739437","19,29516242","19,56596418","19,81727497","20,89262067"
-1396085,"18,86394269","18,11359832","17,4154796","19,08872469","18,79352498","19,30869597","19,04339239","19,70321384","19,02013938","21,41144471","18,4111004","20,97551898","19,56016095","19,13748669","19,26409168","20,26083567","18,27522844","18,64455192","18,85865648","19,87749119"
-1396084,"18,87015521","18,16579675","17,40590817","19,0269212","18,761162","19,26583848","19,05766119","19,66798573","18,99771169","21,36877954","18,39842722","20,87795433","19,50459753","19,12859268","19,27488776","20,23913418","18,26828463","18,63360537","18,87274117","19,86340919"
-1396083,"18,3328077","17,63616655","16,91589514","18,51127982","18,24761554","18,73076705","18,51630986","19,14998796","18,47973381","20,86546667","17,88778795","20,36813289","19,0005349","18,60852315","18,76175394","19,76913855","17,72399228","18,09514004","18,34296734","19,33219178"
-1396082,"18,93571472","18,27142906","17,42142868","19,0357151","18,77857208","19,30714321","19,1071434","19,70000076","19,02857208","21,40714359","18,42142963","20,86428547","19,49285793","19,19285679","19,33571434","20,24285698","18,33571434","18,70000076","18,95000076","19,94285774"
-1396081,"18,60995588","17,94283291","17,13134595","18,69965127","18,42295915","18,93261862","18,76292126","19,32549393","18,68948842","21,06664879","18,08030258","20,51164464","19,1444624","18,86648568","18,98782267","19,92317866","17,9745536","18,37863513","18,61306551","19,5935919"
-1396080,"19,27619108","18,64285723","17,62857183","19,35238075","19,07619095","19,60952441","19,42380969","19,99523862","19,31904729","21,6904761","18,68095271","21,15238126","19,74761899","19,51904806","19,65238126","20,51904806","18,68571472","19,05238088","19,29999987","20,26666641"
-1395228,"19,15870474","18,52519416","17,54793821","19,25706001","18,99582852","19,52604455","19,31087317","19,92303977","19,2291447","21,61185375","18,61154996","21,09769477","19,69289891","19,40454552","19,54936476","20,43613535","18,55607893","18,9313978","19,16938379","20,1491636"
-1395227,"19,09176158","18,37108003","17,60495544","19,39701843","19,0475304","19,64642456","19,30227714","19,97264919","19,26480031","21,6459382","18,66623618","21,22783805","19,81808128","19,40124452","19,50059351","20,47333419","18,56072007","18,91017689","19,14978047","20,17064654"
-1395226,"19,42142868","18,76428604","17,78571415","19,54285812","19,27857113","19,83571434","19,58571434","20,22857189","19,49285793","21,88571453","18,88571358","21,45000076","19,98571396","19,67142868","19,82142925","20,69285774","18,8214283","19,21428585","19,4285717","20,40714264"
-1395190,"19,75612507","19,12434154","18,00065363","19,85674652","19,62137331","20,15346605","20,0011819","20,5388323","19,80030977","22,21742851","19,20893877","21,68228103","20,31251125","20,17660844","20,22389854","21,03339614","19,354472","19,69471989","19,93004247","20,82280672"
-1395134,"17,81756988","17,121902","16,40204089","17,89445495","17,66324733","18,08370453","17,92346903","18,50785053","17,88911941","20,28048167","17,29957687","19,74173853","18,37601677","18,04555399","18,1642152","19,14518386","17,14907052","17,5556149","17,77155741","18,76465112"
-1395133,"19,45714283","18,70000076","17,96428585","19,91428566","19,48571491","20,15714359","19,68571472","20,39999962","19,67142868","22,04285717","19,1071434","21,6785717","20,29285717","19,84285736","19,93571472","20,90000057","19,05000019","19,32857227","19,56428528","20,64285755"
-1395132,"20,7380956","19,98095258","19,00952403","21,07142893","20,79047712","21,47142855","20,99523926","21,74285698","20,82381058","23,26666705","20,34761874","22,92380969","21,56666692","21,23333359","21,21428617","22,0714283","20,48571396","20,65714327","20,93809509","21,90000089"
-1395131,"20,74613803","20,07665548","19,00308284","20,95711183","20,74096409","21,33770999","21,10681992","21,65609997","20,85512907","23,27743057","20,30617173","22,81102673","21,51282889","21,28695402","21,32180183","22,12205683","20,51736","20,74615305","21,0049543","21,9018021"
-1395130,"20,55238088","19,94285711","18,78095245","20,67142868","20,43333308","20,96666654","20,86666743","21,33809535","20,57142893","22,98095258","19,98571459","22,42380969","21,06190491","21,06666629","21,06190554","21,79523849","20,3095239","20,52380943","20,81904793","21,67142932"
-1395129,"18,95714283","18,15714359","17,65714264","19,41428566","18,96428585","19,63571548","19,13571453","19,87857151","19,16428566","21,60000038","18,6071434","21,22142887","19,78571415","19,27142811","19,34285736","20,40714359","18,44285774","18,72857189","19,04285717","20,13571453"
-1395128,"20,48718349","19,84694275","18,73187556","20,64068691","20,40569478","20,99730742","20,802997","21,34241375","20,55663917","22,9675981","19,96731607","22,465899","21,11710855","20,99161875","21,02627903","21,80463318","20,22320476","20,47774709","20,74597719","21,62970607"
-1395127,"19,77142906","19,15000057","18,02857113","19,86428642","19,64285755","20,13571453","20,03571415","20,56428623","19,80714321","22,19285774","19,20714378","21,65714264","20,30714321","20,25","20,27142906","21,02857208","19,43571472","19,75","19,98571491","20,86428642"
-1395099,"19,52857208","18,45714283","18,12857151",20,"19,50714302","20,31428623","19,12142849","20,67142868","19,32142925","21,70000076","19,15714264","21,75714302","19,89285755","19,59285736","19,55714321","20,59285736","19,14285755","18,67857265","19,63571453","20,60000038"
-1395097,"19,40714359","18,56428528","18,12857151","19,91428661","19,45714283","20,22142887","19,52142906","20,47142887","19,60714245","21,95714378","19,07857132","21,77857208","20,33571434","19,77142906","19,89999962","20,93571472","18,95714378","19,22857189","19,5357132","20,62142944"
-1395096,"20,14542539","19,12576813","18,49436177","20,58249992","20,11884169","20,96571509","19,83708522","21,27289938","19,96226086","22,3420344","19,73967608","22,28911509","20,83358879","20,31394361","20,32459051","21,28834718","19,76371556","19,52805834","20,19610366","21,19461076"
-1395095,"19,94285679","19,04285717","18,38571453","20,37857151","19,92142868","20,71428585","19,8214283","21,01428604","19,93571472","22,25714302","19,52142906","22,20000076","20,80000019","20,27857208","20,27857208","21,2857151","19,55000114","19,66428566","20,02142906","21,12857151"
-1395094,"20,17500019","19,17500019","18,56428623","20,58214283","20,23571444","21,01428604","19,66071463","21,39285755","19,76071453","22,08571434","19,8285718","22,25000048","20,37857199","20,14642906","20,04999971","21,1071434","19,87500048","19,21071482","20,32500029","21,11428595"
-1395092,"18,87619082","17,86190478","17,63333321","19,32380994","18,78095309","19,62380981","18,58095296","19,98571523","18,81428591","21,21904818","18,49047597","21,26666705","19,53333346","19,05714289","19,11904844","20,18571472","18,51904806","18,29047585","19,0333341","20,06666692"
-1395091,"20,45000076","19,57142925","18,79285717","20,87857151","20,49285698","21,30000019","20,42142868","21,59285831","20,45000076","22,87857151","20,05000019","22,70714283","21,27142906","20,78571415","20,79285812","21,72857094","20,12857151","20,15000057","20,53571415","21,57857227"
-1395090,"19,77142906","18,77857113","18,20714283","20,23571491","19,73571396","20,56428623","19,52142811","20,88571453","19,66428566","22,00714397","19,37857246","21,97142887","20,5714283","20,00714302","20,02857113","21,04285812","19,37142849","19,26428604","19,84285736","20,86428642"
-1395088,"20,82380931","20,00476201","19,03809547","21,13333384","20,97142919","21,70476214","20,90000089","22,00476201","20,83333397","23,26190567","20,42380969","23,0476195","21,68571472","21,29047648","21,2238102","22,09523837","20,68095271","20,64285723","21,02857208","21,99523862"
-1395087,"20,34285736","19,33571434","18,59285831","20,77142811","20,40714359","21,22142887","20,00714302","21,55714321","20,05000019","22,40714359","19,97142887","22,40000057","20,93571472","20,5","20,47142887","21,40714264","20,16428661","19,66428566","20,55000019","21,32142925"
-1607368,"21,27965139","21,57593969","19,61577921","20,53647314","20,97788105","21,0338017","22,21778908","21,58640858","21,08519383","22,8897864","21,04005522","22,63061002","21,43209965","22,30715829","22,12985077","21,95661833","21,61781836","21,98206343","22,0834273","22,46694527"
-1607332,"21,10560666","21,44130797","19,45177085","20,34804862","20,7557204","20,77373675","22,05305029","21,3712789","20,90355252","22,71313587","20,90238906","22,43098201","21,18794634","22,15749999","21,98151677","21,76703328","21,45114176","21,8374452","21,93887349","22,31119834"
-1607220,"21,21694667","21,58156272","19,61884973","20,32667987","20,8846115","20,90190247","22,17309654","21,47362523","21,04709067","22,69567891","20,99049382","22,53080376","21,34816564","22,27238989","22,08094586","21,84245086","21,61293373","21,95846523","22,0703741","22,42999855"
-1606910,"21,66642012","21,99701674","20,09854795","20,78709436","21,3544943","21,44166806","22,61502382","21,94846375","21,47847812","23,05977315","21,44151576","23,00054972","21,86868555","22,68342685","22,51201205","22,36066829","22,13496278","22,3877795","22,52740833","22,90252373"
-1606277,"21,73336484","22,08304266","20,15684802","20,78589107","21,4121886","21,4449831","22,66158583","21,95772816","21,53690717","23,04437732","21,45466469","23,08524918","21,91016886","22,74042427","22,53562795","22,34714087","22,17440417","22,42893068","22,58529337","22,98111965"
-1600453,22,"22,24285698","20,42142868","21,15714264","21,70000076","21,86428547","22,87857246","22,28571415","21,72857189","23,30000019","21,72857189","23,3571434","22,26428604",23,"22,84285736","22,72142887","22,47142982","22,74285793","22,84285736","23,14285755"
-1599759,"22,12915705","22,43728407","20,53582593","21,20670655","21,86512622","21,96964431","23,04289649","22,42172283","21,93764935","23,39296805","21,8926039","23,57161351","22,43057821","23,17307104","22,98717369","22,82806404","22,64778061","22,87584253","23,01396147","23,34253279"
-1590700,"22,67326788","22,96961182","21,05118989","21,71551456","22,36664199","22,4871201","23,56547719","22,92632181","22,47258054","23,8636722","22,39977834","24,07465457","22,95321745","23,65352069","23,42408706","23,3884927","23,23381014","23,5084952","23,53419123","23,83256465"
-1590261,"22,70000076",23,"21,12857246","21,8571434","22,4285717","22,58571529","23,62142944","23,01428509","22,51428604","23,95714283","22,45714283","24,12142944","23,00714302","23,69999981","23,49285793","23,49285793","23,30714321","23,58571434","23,59285736","23,85000038"
-1589840,"22,93490531","23,22450317","21,39184264","22,12317408","22,65382395","22,81372537","23,79232876","23,21322093","22,64243979","24,16073308","22,65381327","24,26868109","23,20247341","23,9244223","23,7137904","23,7572001","23,53803534","23,83167636","23,77706743","24,02710397"
-1589348,"22,92892863","23,10590056","21,34682134","22,19038459","22,62925239","22,82999858","23,67862243","23,14559059","22,48833166","24,14506326","22,55726094","24,16551518","23,15174248","23,93575233","23,67102489","23,77035028","23,51313055","23,80776123","23,71967044","23,95587298"
-1588570,"22,67142932","22,80000051","21,0333341","21,98571459","22,38571485","22,60952441","23,46190453","22,86190478","22,24285762","23,97142982","22,29999987","23,94285711","22,90476227","23,72857157","23,44761912","23,56666756","23,27142906","23,55714289","23,5","23,73333359"
-1561754,"22,37619082","22,53333346","20,72380956","21,82380994","22,10000038","22,32857196","23,22857094","22,60000038","21,97142855","23,80000114","22,03809484","23,68095271","22,59047699","23,43333371","23,21904818","23,18571472","22,97619184","23,15714327","23,19523811","23,54761887"
-1559626,"22,3657074","22,64112911","20,79576304","21,53867433","22,10485943","22,26196828","23,2695415","22,6766864","22,14456444","23,65106703","22,11293968","23,76939719","22,6574273","23,38977491","23,19399157","23,167771","22,95192634","23,21735198","23,25915983","23,52143228"
-1554967,"23,40146246","23,63380546","21,9236206","22,55175671","23,08977885","23,28625427","24,17555114","23,64844133","23,03087392","24,52751486","23,0491318","24,63518122","23,64195772","24,26510027","24,01278317","24,12642323","23,92552449","24,20033863","24,06307968","24,34648865"
-1554872,"23,54285717","23,77142906","22,04285717","22,60000038","23,20714378","23,3571434","24,32142925","23,74285793","23,23571491","24,59285736","23,1785717","24,77857208","23,77857208","24,33571434","24,05000019","24,24285698","23,99285793","24,27857208","24,1785717","24,4285717"
-1553914,"23,60775419","23,85568296","22,07948157","22,60810208","23,28952163","23,41564114","24,39703494","23,81224189","23,30583996","24,61097973","23,22209679","24,82727041","23,84978037","24,41804827","24,0705786","24,2113653","24,05365901","24,35852583","24,23371347","24,53932385"
-1552931,"23,42142963","23,70000076","21,87142944","22,37857151","23,06428528","23,19999981","24,24285793","23,60000038","23,12857151","24,45000076","23,05714321","24,66428566","23,63571453","24,24285698","23,9285717","24,00714302","23,89285755","24,17857265","24,06428623","24,40000057"
-1551292,"22,33612673","22,64434497","20,68626181","21,33161383","22,02978656","22,10770616","23,24605332","22,56847622","22,1361459","23,52328581","22,04251054","23,69201583","22,56275082","23,30661956","23,10968018","23,01383298","22,86745253","23,18046324","23,2159883","23,53864857"
-1550748,"21,15714264","21,52857113","19,49285698","20,1428566","20,72857189","20,69285679","22,06428528","21,34285831","20,95714378","22,57142925","20,92142868","22,41428566","21,17142868","22,18571472","21,96428585","21,72857189","21,47857189","21,86428547","21,99285793","22,35714245"
-1549274,"20,86428642","21,34285736","19,22142887","19,8214283","20,45714283","20,26428604","21,93571472","21,05000019","20,7857151","22,20000076","20,69999981","22,18571472","20,94285679","22,02857113","21,78571415","21,47857189","21,30714321","21,71428585","21,8214283","22,20714283"
-1528452,"21,08950081","21,57672533","19,45073968","20,06412756","20,69728189","20,50454124","22,1684788","21,28093301","21,02463328","22,42185273","20,93560899","22,43066793","21,18777221","22,24227854","22,00147267","21,73036309","21,56070088","21,94782732","22,05913897","22,47591466"
-1526041,"21,31428591","21,80476189","19,66666667","20,30000051","20,93333371","20,74285762","22,40952365","21,50952466","21,26666705","22,62381045","21,16666667","22,67619133","21,4285717","22,47142919","22,24285762","21,98571459","21,84761937","22,20952415","22,31428591","22,74761963"
-1521746,"21,60473498","22,07283211","19,98571882","20,59478872","21,26750924","21,15986701","22,62797837","21,79967224","21,5165083","22,82672073","21,37036385","22,98838829","21,77470878","22,71073891","22,52121388","22,2753203","22,16507487","22,47293209","22,5812606","22,97448906"
-1518808,"20,6147179","21,01531686","18,91503851","19,74255056","20,14386165","20,06535904","21,55518969","20,75670584","20,38528063","22,2316954","20,42025945","21,76233722","20,52999886","21,75583993","21,53372869","21,25704977","20,93163527","21,45457138","21,5622536","21,92976612"
-1517393,"21,70000076","22,17142868","20,0714283","20,67142868","21,3571434","21,25714302","22,7142868","21,90000153","21,61428642","22,8571434","21,41428566","23,10000038","21,88571548","22,79999924","22,67142868","22,39999962","22,32857132","22,61428642","22,7142868","23,0714283"
-1517228,"21,90927494","22,40083581","20,30130145","20,91131126","21,61211956","21,51847504","22,93127136","22,13181403","21,85397068","23,0970041","21,69987796","23,37115227","22,1364263","22,99568004","22,86190785","22,60449584","22,53413378","22,81744602","22,92134919","23,24270297"
-1515475,"21,48319134","22,0028002","19,84257364","20,46666449","21,16442445","21,05237883","22,56974719","21,69523573","21,45770157","22,67646968","21,29383651","22,95546076","21,71708539","22,66750486","22,47870973","22,18319019","22,17198647","22,48179204","22,59383766","22,90279982"
-1515377,"21,55798437","22,06097218","19,92152193","20,53730226","21,23090696","21,1230166","22,61960921","21,76587405","21,51171885","22,73879693","21,33538801","23,00532278","21,77525794","22,71321161","22,54519223","22,25798322","22,22600375","22,5274988","22,63538916","22,9609718"
-1503701,"21,70000076","22,17142868","20,0714283","20,67142868","21,3571434","21,25714302","22,7142868","21,90000153","21,61428642","22,8571434","21,41428566","23,10000038","21,88571548","22,79999924","22,67142868","22,39999962","22,32857132","22,61428642","22,7142868","23,0714283"
-1501938,"22,25605937","22,72453958","20,68002757","21,26986094","21,98051607","21,93729075","23,25719871","22,48623091","22,17448384","23,44054562","22,05959804","23,71979634","22,49805756","23,29576987","23,15976968","22,95142992","22,87271236","23,16377101","23,23399771","23,5282569"
-1491892,"21,99038499","22,49194203","20,39116493","20,9521998","21,71895783","21,61817893","23,03246459","22,21973625","21,94908571","23,17687823","21,84597145","23,53090754","22,260257","23,08882832","22,94830729","22,69038575","22,64597069","22,93090727","23,03168607","23,31817789"
-1482450,"22,0714283","22,60000038","20,48571396","21,11428642","21,80000114","21,68571472","23,10000038","22,31428528","22,05714226","23,27142906","21,90000153","23,5714283","22,31428528","23,1428566","23,04285812","22,77142906","22,70000076","22,97142982","23,08571434","23,38571548"
-1281563,"22,87549796","23,31951335","21,41581737","21,87567894","22,61895935","22,68428615","23,86298813","23,0756778","22,70779027","24,01832997","22,67787782","24,30623052","23,11995022","23,86396668","23,69151021","23,57629448","23,51975661","23,83386098","23,80602495","24,0661406"
-1060757,"22,97291606","23,25939673","21,34617219","21,98478774","22,64378488","22,77850347","23,8438068","23,20188897","22,7649838","24,12775577","22,69710558","24,37536497","23,25619342","23,92322154","23,667432","23,67586331","23,55143444","23,79940219","23,78278983","24,08845886"
-1060754,"20,65315063","21,13667537","18,93980937","19,6413871","20,15807471","19,99818438","21,56434412","20,74406008","20,43502892","22,13327561","20,45252705","21,7506658","20,51864611","21,78573517","21,55070642","21,21812482","20,94088973","21,46620355","21,5655661","21,94620834"
-1060737,"20,8443918","21,23114681","19,16951599","19,9521187","20,38243859","20,34194603","21,76109123","21,02184173","20,6176401","22,38286554","20,64924127","22,01948355","20,78119658","21,92206774","21,71885582","21,46751841","21,18037598","21,60193481","21,70679106","22,08004576"
-1060701,"21,82932091","22,21253035","20,22497589","20,84906675","21,51872487","21,52351997","22,76672828","22,02063379","21,65038232","23,09917653","21,56422073","23,16344854","22,0055491","22,85597797","22,62073611","22,45228768","22,28590897","22,57359157","22,68696857","23,08289503"
-1060675,"22,90585291","23,30440684","21,3963515","21,90585291","22,62857246","22,7161106","23,85934667","23,11390695","22,72636904","24,0527371","22,68571472","24,33039565","23,16079213","23,88351168","23,68791798","23,60585177","23,53259968","23,82674753","23,80220304","24,07545589"
-1000503,"23,73796757","23,86573114","22,21864198","22,83514346","23,41176752","23,59853363","24,46755817","23,96802451","23,32557269","24,77714629","23,29797104","24,91922307","23,95184644","24,49550166","24,21201302","24,41154087","24,1430239","24,46925194","24,2963854","24,59064844"
-975782,"22,66428661","22,62857246","20,9285717","22,44999981","22,53571415","22,87142849","23,43571472","22,97857189","22,21428585","24,39285755","22,35000038","24,07857132","22,89285755","23,72142887","23,56428623","23,52857208","23,21428585","23,39285755","23,44999981","23,92142868"
-974538,"23,34285736","23,19285774","21,59285736","22,77857208","23,02142811","23,36428642","23,73571491","23,4285717","22,41428661","24,67142868","22,69285679","24,25714302","23,52857113","24,35000038","24,04285812","24,15714264","23,87142849","24,11428642","24,02142811","24,30000019"
-973238,"23,20756148","23,56893638","21,68755712","22,17088082","22,91124809","22,94473876","24,09907321","23,37114963","23,00867329","24,26225051","22,95549145","24,56203149","23,41820265","24,11008818","23,82282937","23,84810924","23,77234594","24,09253244","23,970072","24,30856262"
-971964,"22,02977922","22,53473713","20,45381936","21,00372025","21,76671487","21,66068314","23,10511781","22,26438213","22,00025868","23,21436825","21,89293853","23,56674686","22,3180167","23,16342621","22,98821883","22,74658761","22,7145228","23,00865659","23,11349936","23,38961294"
-970737,"21,8037418","22,38305804","20,28953653","20,79203157","21,57001976","21,4219299","22,97392296","22,0491732","21,84144743","23,00764476","21,69468725","23,38172974","22,13754499","23,01412363","22,81935561","22,55830814","22,55573372","22,85182989","22,99335872","23,2713469"
-968430,"21,88668601","22,54046114","20,44049294","20,82942075","21,67815234","21,48948888","23,09287534","22,09262427","21,94361507","23,07008861","21,79967662","23,50543859","22,2328792","23,05820647","22,8700036","22,64424559","22,67717826","22,97879088","23,03958971","23,39407914"
-966497,"21,99945408","22,21600288","20,41600364","21,21600288","21,68220197","21,86565118","22,84231114","22,28516727","21,66112422","23,30694795","21,69719064","23,31826686","22,21826678","22,9822012","22,81147546","22,76947728","22,47174164","22,77174087","22,84387241","23,10171806"
-964255,"22,90869878","23,36193214","21,4285717","21,89521268","22,67853156","22,61979313","23,94365588","23,09600978","22,8031936","24,0269758","22,78172451","24,38651352","23,2102961","23,95474936","23,71269052","23,638866","23,61029583","23,94126146","23,86983316","24,21348866"
-964245,"22,83019549","23,38392944","21,40088784","21,82422872","22,58398356","22,50853072","23,92775275","23,03422185","22,81083766","23,98844824","22,71824508","24,37051237","23,1468958","23,90983606","23,67681198","23,57546673","23,54697668","23,8998149","23,8336846","24,18278515"
-962081,"22,60113062","23,21591642","21,14718822","21,53169486","22,35006903","22,18067568","23,75787521","22,77887495","22,60855235","23,74930004","22,48262443","24,17810838","22,91227136","23,68213448","23,44930099","23,33246399","23,35805088","23,70395892","23,62971476","24,00034473"
-960764,"22,62857246","23,24285698","21,17142868","21,55714417","22,39999962","22,20000076","23,7857151","22,79999924","22,62857056","23,77142906","22,51428604","24,2142868","22,9285717","23,67142868","23,47142792","23,38571548","23,37142944","23,68571472","23,61428642","23,98571396"
-944524,"22,81453972","23,44263965","21,4285717","21,81450337","22,55746939","22,47182965","23,95710743","23,02875382","22,85699801","24,0000727","22,71446854","24,39996327","23,14303834","23,91439471","23,68578742","23,57161004","23,54303986","23,91435836","23,84293006","24,20003711"
-537731,"22,87542635","23,32019541","21,39398916","21,86426821","22,63736672","22,61508766","23,89236753","23,06660366","22,74739716","24,00015689","22,72620345","24,33710816","23,15833347","23,90403694","23,68468537","23,59498302","23,55785866","23,88096692","23,8273364","24,14410726"
-407876,"22,91428566","23,3571434","21,4285717","21,90000153","22,68571472","22,62857246","23,94285774","23,10000038","22,80000114","24,02857208","22,7857151","24,38571548","23,2142868","23,95714378","23,7142868","23,6428566","23,61428642","23,94285774","23,87142944","24,2142868"
-399255,"23,07094854","23,54720295","21,5613483","21,95892217","22,74811362","22,66652284","24,068969","23,20949997","22,96105477","24,13864209","22,86128027","24,4625508","23,29919763","24,06335191","23,72019099","23,7070745","23,70562587","24,09995105","23,94184933","24,27156421"
-3149067,"19,54285812","19,10000038","17,72857094","19,20000076","18,98571396","19,15714264","20,1428566","19,77142906","19,2142868","21,55714417","18,88571548","20,55714417","19,45714378","20,37142944","20,15714264","20,2142849","19,24285698","19,94285774","19,94285774","20,58571434"
-2725551,"20,09061941","19,64462504","18,26468248","19,76733899","19,55922893","19,73085284","20,68781534","20,34209914","19,75891077","22,1192031","19,43242532","21,15346989","20,03897596","20,92431493","20,69896473","20,78984491","19,80848425","20,45972492","20,48467875","21,14876796"
-1746092,"20,92254769","20,47876567","19,05987645","20,63407371","20,43066816","20,63022269","21,54920872","21,23156484","20,58786806","22,95723917","20,26103586","22,05869852","20,92464362","21,76488218","21,55203926","21,65571772","20,70800194","21,27012156","21,34756503","21,98526412"
-1746091,"19,74285698","19,25714302","17,9285717","19,47142982","19,25714302","19,47142982","20,12857246","20,12857246","19,5714283","21,88571548","19,05714417","20,89999962","19,7857151","20,30000114","20,15714264","20,54285812","19,17142868","19,87142944","19,98571396","20,68571472"
-1746090,"19,48848226","19,03565024","17,70410734","19,31215066","19,0667231","19,26961828","19,88682033","19,9121719","19,34366052","21,68713347","18,82742854","20,71962018","19,53521242","20,02873479","19,91963659","20,3705863","18,94723651","19,58360876","19,72030554","20,44560741"
-1746089,"21,04285717","20,61428642","19,26428604","20,89285755","20,73571396","21,01428604","21,52857113","21,45714283","20,75","23,18571472","20,33571434","22,28571415","21,18571472","21,81428528","21,62857151","21,87142849","20,91428566","21,38571548","21,48571396","22,19285774"
-1746088,"19,33770095","19,5680473","17,6257561","18,5524245","18,60875708","18,59139505","20,15419988","19,28923458","19,07605341","21,15199954","18,98399454","20,13986667","19,06602779","20,3471757","20,00475483","19,99853799","18,93492377","19,8763112","19,86700855","20,31707142"
-1746049,"19,52142906","19,24285793","17,70714283","19,04285812","18,93571472","19,0714283","20,09999943","19,68571472","19,15000057","21,48571491","18,85000038","20,50000095","19,39285755","20,34285736","20,1071434","20,14999962","19,19999981","19,9285717","19,93571472","20,55000019"
-1746048,"21,00146177","20,59743703","19,1785123","20,78592049","20,57142563","20,81936939","21,61625197","21,35607488","20,68347683","23,06825449","20,32632919","22,18179099","21,05956728","21,84610106","21,62187362","21,77808463","20,8358654","21,36241309","21,45817556","22,08570885"
-1746046,"20,4642868","20,01428604","18,62857151","20,15714264","19,95714378","20,12857246","21,07142925","20,73571396","20,12857151","22,50714302","19,81428623","21,57142925","20,44285774","21,31428623","21,07857227","21,18571472","20,21428585","20,82142925","20,86428547","21,54285717"
-1746045,"19,91428661","20,05000019","18,17142963","19,23571396","19,2857151","19,34285736","20,72142887","20,04285812","19,66428661","21,77857208","19,5","20,96428585","19,76428604","20,97142887","20,68571472","20,5714283","19,7857151","20,5357151","20,62142944","21,12857151"
-1746044,"19,25","19,27142906","17,45714283","18,50714302","18,52857208","18,52142906","19,97857189","19,2142868","18,98571491","21,12142849","18,79285717","20,05000114","18,99285698","20,17142868","19,82857132","19,87142944","18,77857208","19,69285774","19,70714283","20,19285774"
-1746043,"19,59708349","19,85726678","17,91756984","18,82881524","18,90899475","18,94525986","20,46042608","19,66323465","19,33660332","21,40226648","19,30161487","20,50252266","19,35185249","20,7064455","20,38776323","20,28060056","19,42534419","20,24490664","20,32754148","20,77039896"
-1746042,"21,39127189","20,94790984","19,52298215","21,17418683","21,0137047","21,26501165","21,98675359","21,72422133","21,03761279","23,3965689","20,68062373","22,61406739","21,44631435","22,26234286","22,04875873","22,16259414","21,37358149","21,78543762","21,89381398","22,55836069"
-1746041,"20,36666679","19,87142817","18,6047624","20,35714277","20,16666667","20,5476195","20,70000013","21,00476265","20,29047712","22,66190592","19,69523811","21,88571485","20,65238126","20,89523824","20,87142881","21,44761976","20,00952403","20,48571459","20,68571409","21,49523799"
-1746040,"21,48571491","21,06428623","19,72142887","21,40714359","21,31428623","21,69285774","21,97857189","22,02142906","21,22857189","23,6071434","20,81428528","22,89285755","21,72142887","22,29285717","22,17142868","22,37142849","21,56428623","21,90000057","22,09999943","22,80714321"
-1746039,"19,22887418","19,10859968","17,42677079","18,59674669","18,55138987","18,57987951","19,83586446","19,277652","18,86494269","21,15348846","18,64345644","19,97532209","18,97624167","20,00214513","19,69744017","19,8492244","18,64258225","19,57457868","19,51439706","20,10681623"
-1746038,"20,47857189","19,92142868","18,70714283","20,52857208","20,3214283","20,80000019","20,79285717","21,19285774","20,4642868","22,82857132","19,83571434","22,1785717","20,87142849","20,97857189","21,02142906","21,62142944","20,15714264","20,54285717","20,76428604","21,59999943"
-1746037,"20,82347293","20,29265836","19,03847501","20,84532482","20,66921484","21,12339308","21,16213804","21,52251402","20,75894667","23,14553782","20,16534835","22,45834768","21,21197286","21,36299327","21,34611865","21,89250224","20,58012355","20,95935852","21,18473963","21,97658614"
-1746036,"21,63333384","21,18571409","19,88571485","21,61904716","21,5","21,86666679","22,12857183","22,19523811","21,39047623","23,79047648","21,00476265","23,12381045","21,8809522","22,44285711","22,32380931","22,54762014","21,72380956","22,03333346","22,21904755","22,95714315"
-1746035,"19,63083637","19,3762537","17,83614376","19,14128102","19,01709095","19,13956207","20,18788728","19,80129332","19,28813647","21,62099563","18,96970284","20,54630922","19,47221207","20,40797015","20,15472667","20,27680103","19,20041004","19,94191657","19,96896144","20,62447063"
-1746034,"20,51428604","20,05714417","18,77142906","20,51428604","20,2857151","20,5714283","20,91428566","21,10000038","20,39999962","22,82857132","19,82857132","21,97142792","20,74285698","21,11428642","21,01428604","21,52857208","20,18571472","20,68571472","20,8571434","21,62857246"
-1746033,"20,71302721","20,28821504","18,91562462","20,4680971","20,28629296","20,48347702","21,20643834","21,10001278","20,46944651","22,85030886","20,0533867","21,86253575","20,77013042","21,42599552","21,23964137","21,45794049","20,41943955","21,02061347","21,08533942","21,75831127"
-1746032,"19,87857246","19,76428604","18,07857132","19,37857246","19,35714245","19,47142887","20,51428509","20,08571434","19,51428509","21,82857227","19,28571415","20,9285717","19,79285812","20,77142811","20,50714397","20,49285793","19,68571472","20,31428623","20,38571453","21,01428604"
-1746031,"20,55126874","20,09325378","18,80140438","20,52747581","20,32722928","20,63288981","20,93108142","21,14260679","20,43335069","22,8490904","19,86661296","22,00776628","20,79462754","21,13358883","21,0568671","21,56314464","20,22816403","20,72274604","20,89847161","21,67015138"
-1746030,"21,33458084","20,91629183","19,53078942","21,20293974","21,01971293","21,32702034","21,89122339","21,75754368","21,02249425","23,40159615","20,64248733","22,62669582","21,47173479","22,18341541","21,98780194","22,17218174","21,32269856","21,71993006","21,86007692","22,53572126"
-1746029,"20,45889261","20,1196524","18,62304277","20,12994504","19,98722421","20,15878213","21,12448009","20,74335726","20,10714893","22,44514598","19,8623963","21,61327348","20,44322117","21,3853924","21,13404666","21,15631429","20,32845774","20,90728237","20,97508258","21,5903365"
-1746028,"19,75000095","19,74285793","17,95714378","19,10000038","19,13571453","19,2142868","20,44999981","19,88571453","19,46428585","21,65000057","19,19285679","20,78571415","19,61428642","20,6785717","20,40714359","20,35000038","19,56428528","20,27142811","20,33571434","20,8928566"
-1746027,"20,0890394","19,5738048","18,32198073","20,02540109","19,74930273","20,12986909","20,31601289","20,65716717","19,95869237","22,33908779","19,36671098","21,56156105","20,28076921","20,48339663","20,50552185","21,07447753","19,59368447","20,09083893","20,2794234","21,10894327"
-1746026,"20,89285755","20,44999981","19,12857151","20,77142906","20,62857151","20,89285755","21,29285717","21,38571453","20,67142963","23,09285736","20,19285774","22,22857189","21,07857132","21,50714302","21,3928566","21,80000019","20,63571358","21,12142849","21,24285793","21,97857189"
-1746025,"19,26581815","19,22402971","17,47271731","18,57183908","18,60176407","18,64548807","19,93980956","19,33616111","18,99389682","21,18505979","18,75445492","20,17572266","19,09162125","20,17312235","19,8566109","19,886234","18,91762184","19,74986661","19,76314216","20,29478097"
-1746024,"19,98646416","19,50069833","18,18725376","19,85448538","19,58087099","19,80621476","20,3392502","20,43571753","19,81781544","22,19878914","19,26696823","21,25262454","20,05972578","20,48371079","20,40384822","20,90255067","19,44773578","20,05163654","20,19809686","20,9543892"
-1746023,"21,00714302","20,51428604","19,20000076","20,95714378","20,83571434","21,27142906","21,32857132","21,62142849","20,87142849","23,24285793","20,30714226","22,54285812","21,32857132","21,61428642","21,57857132","21,95714378","20,86428642","21,26428604","21,46428585","22,17142868"
-1746021,"20,51805463","20,09130462","18,70781461","20,24043119","20,01292979","20,2031797","21,05856108","20,84789615","20,23690956","22,60793508","19,86148346","21,62365324","20,50580596","21,26462305","21,07814162","21,25832296","20,17560557","20,83025321","20,8910835","21,53715302"
-1746020,"19,67619069","19,21428617","17,86666679","19,40952428","19,20000013","19,40476227","20,08095296","20,07619095","19,50476201","21,82857196","19,00000064","20,83809535","19,71428617","20,2380956","20,09999975","20,48571459","19,13333384","19,80476189","19,9285717","20,63809522"
-1746019,"19,2779199","18,89240519","17,48224715","18,88059622","18,68577766","18,82977364","19,75427353","19,52424109","19,04372289","21,34521354","18,59150479","20,26913145","19,17911894","19,86239855","19,67376707","20,02139224","18,66928832","19,4075075","19,48630422","20,16281986"
-1746018,"19,708901","19,9123189","17,98908906","18,97861611","19,03616255","19,06006956","20,54374904","19,77906896","19,44998697","21,55305561","19,36183188","20,68224504","19,47363212","20,80680797","20,49143261","20,39759989","19,5067634","20,34993554","20,41734286","20,87181359"
-1746017,"20,51191162","20,05869456","18,71634017","20,32246739","20,15808697","20,39258063","20,88457202","20,94107856","20,28610974","22,69613201","19,77510789","21,72549783","20,61637179","21,09594043","20,9779903","21,34080143","20,13739261","20,7021139","20,79687674","21,54978338"
-1746016,"19,48631349","19,13435316","17,69239624","19,06502325","18,88748492","19,04172192","19,99199824","19,70648685","19,21024131","21,53843504","18,79079386","20,44349894","19,37470302","20,17887961","19,96038344","20,16700472","19,00923516","19,71433349","19,78067474","20,44713862"
-1746015,"19,41363403","19,32789777","17,61751379","18,76232204","18,78706886","18,85661233","20,03545859","19,51694336","19,07797503","21,33030709","18,81539918","20,35526493","19,25866571","20,27670063","20,00050195","20,02116695","19,08463217","19,86213518","19,88249741","20,44949691"
-1746014,"19,56193593","19,71194789","17,82265959","18,82444503","18,86504066","18,88798881","20,37173589","19,57639232","19,29937217","21,43747254","19,17059613","20,46899042","19,29912628","20,59152526","20,28358926","20,23874856","19,24236435","20,15408232","20,17318295","20,62392061"
-1746013,"21,98299228","21,54492665","20,2361225","22,03136356","21,91612625","22,32066583","22,51943775","22,61502417","21,73910653","24,13496584","21,38027868","23,53637439","22,26381373","22,81172509","22,69317608","22,87391023","22,17222984","22,41471202","22,67857278","23,36429402"
-1051977,"21,82100505","20,99218174","19,93495548","21,09293809","21,13554421","21,9063834","21,23613068","21,90630129","20,19293847","22,56369403","20,82150903","22,12201415","21,57806407","22,66394641","22,1638624","22,10663614","22,34949312","22,62100618","22,00655178","22,29235087"
-1030989,"16,54285812","15,51428604","14,58571434","15,58571434","15,64285755","16,38571548","15,64285755","16,45714378","14,72857189","17,0714283","15,30000019","16,6428566","16,15714264","17,2142868","16,68571472","16,68571472","16,9285717","17,12857246","16,52857208","16,8571434"
-1030988,"21,65063172","20,81432664","19,77003605","20,88416546","20,9480412","21,71500142","21,05026441","21,72428946","20,01560406","22,38913408","20,63493211","21,92911108","21,39111596","22,47985748","21,97853711","21,92594923","22,16784927","22,43751852","21,81920451","22,11692452"
-1030986,"21,44870245","20,61182223","19,58791447","20,5871913","20,71313623","21,46794668","20,82975361","21,50118309","19,81182299","22,19155943","20,40715905","21,68223349","21,15599317","22,25001641","21,75001641","21,70949085","21,94403893","22,21546799","21,58456487","21,91182227"
-1030985,"21,7845585","20,95531156","19,90087171","21,04517774","21,09479194","21,86486793","21,19614175","21,86757225","20,15531232","22,52741548","20,78118046","22,07915473","21,53764786","22,62403783","22,12403783","22,06824673","22,31042808","22,58185714","21,96621956","22,25531261"
-1030984,"21,18571472","20,34285736","19,34285736","20,22857094","20,41428566","21,15714264","20,54285812","21,2142868","19,54285812","21,9285717","20,11428642","21,37142944","20,8571434","21,95714378","21,45714378","21,4285717","21,65714264","21,9285717","21,2857151","21,6428566"
-1030156,"19,92802058","19,02949998","18,03895538","19,00881208","19,13538339","19,87592717","19,21918339","19,9344097","18,24228782","20,59977611","18,81323549","20,10061645","19,60951261","20,68412345","20,16768863","20,14853694","20,38333387","20,63117182","20,00247939","20,35220487"
-1030149,"23,11784457","22,28964197","21,20696437","22,49096728","22,51140598","23,19130064","22,70942261","23,15985276","21,61125273","23,87836854","22,23444721","23,6239562","22,90867592","24,03848386","23,49584343","23,41949594","23,67440412","23,93488816","23,30538217","23,60151025"
-1030145,"22,25273563","21,41345736","20,34938923","21,55807294","21,59142656","22,32175425","21,73304458","22,3134578","20,66652577","22,99174698","21,29456487","22,62754775","22,01467155","23,10732792","22,60043285","22,53613505","22,7790612","23,05662576","22,42935431","22,72220178"
-1030142,"21,51699718","20,69428426","19,66428304","20,67610259","20,79637772","21,54831956","20,91497868","21,58044496","19,89305998","22,27191608","20,49178023","21,76652734","21,24598705","22,32900123","21,83165602","21,78919317","22,02091853","22,29577824","21,66726149","21,98991429"
-1030137,"24,08054201","23,15867597","22,16711573","23,49193499","23,46799143","24,18494092","23,73694836","24,03148604","22,52394103","24,92661036","23,1335825","24,58612806","23,91776696","25,04515962","24,56338109","24,48413077","24,6459957","24,86802677","24,29402785","24,57732465"
-1030136,"23,32362001","22,57153878","21,48073392","22,72325373","22,78277351","23,49451185","23,02716728","23,37361068","21,8664375","24,17374247","22,47075809","23,86554482","23,22698541","24,32306336","23,8008996","23,76322028","23,92030883","24,13089235","23,57239394","23,85462857"
-1030124,"22,68571377","21,97142887","20,8571434","22,02857113","22,1785717","22,8571434","22,39285755","22,80000019","21,28571415","23,56428623","21,90714359","23,24285698","22,63571453","23,65714359","23,13571453","23,04285812","23,27857113","23,57857132","22,91428661","23,22857189"
-1030121,"22,1847427","21,51419733","20,42912178","21,48438387","21,6378534","22,31221711","21,8210913","22,32492401","20,7570753","23,07885213","21,36504652","22,63118009","22,14900381","23,08262648","22,62410585","22,54552409","22,76156675","23,07419546","22,4387511","22,7521179"
-1030115,"21,67615676","20,99572068","19,89398326","20,8265778","21,04034772","21,73028197","21,24875984","21,80376191","20,23605794","22,52133188","20,75049802","22,0082685","21,57390478","22,52168767","22,04667246","22,02210222","22,21003269","22,51554995","21,8799793","22,25689716"
-1030099,"22,74058567","22,2544511","21,08302242","21,91184611","22,21180519","22,76928394","22,46911455","22,91193023","21,46907439","23,58348509","21,84062811","23,11209924","22,72617345","23,55491491","23,0550411","23,21163694","23,21218374","23,62617497","23,01180442","23,3264262"
-1030066,"22,35714245","21,80000019","20,62857151","21,5","21,79285812","22,40714359","22,07857132","22,51428604","21,07142925","23,20714283","21,46428585","22,74285793","22,3214283","23,1785717","22,70000076","22,76428604","22,8571434","23,22142982","22,59285736","22,96428585"
-1030065,"23,91428566","23,17619069","22,07619095","23,40476227","23,39523888","24,09047635","23,66666667","23,89523824","22,44285711","24,88571485","23,05238152","24,54285685","23,90000025","24,93809509","24,48095258","24,40952428","24,54285749","24,70952415","24,23809497","24,49523862"
-1030063,"22,92142868","22,24285793","21,1071434","22,24285793","22,41428566","23,10000038","22,70000076","23,02857208","21,55714321","23,85000038","22,11428642","23,49285793","22,90000057","23,95000076","23,39285755","23,36428547","23,50714302","23,79285717","23,17857265","23,49285698"
-1030059,"23,2690286","22,85700514","21,6304014","22,34273639","22,80750135","23,2065575","23,32743701","23,4044257","22,22041369","24,13739506","22,52418772","23,83770019","23,25110126","24,07998786","23,61882222","23,7461084","23,72124479","24,13815976","23,53348058","23,91015336"
-1030057,"22,69888919","22,21231115","21,00998885","21,80777992","22,20445969","22,71091777","22,61928888","22,8498225","21,55931883","23,57684855","21,9001148","23,20649532","22,67795613","23,51924349","23,06465874","23,13499298","23,18186596","23,56623511","22,9476456","23,32731685"
-1030040,"23,6040419","22,95951872","21,77152991","23,00371838","23,08864397","23,81723337","23,44650935","23,67270088","22,21413493","24,6118458","22,76426174","24,20137278","23,55266583","24,61479431","24,14434186","24,10304971","24,21572311","24,4303846","23,91162349","24,19690455"
-1030039,"23,15987862","22,54469169","21,34450661","22,50181438","22,67417974","23,34701548","23,03210716","23,26124357","21,83880022","24,14256423","22,35971115","23,77040798","23,17258522","24,15285015","23,67236591","23,66081938","23,7022443","23,95955547","23,44054722","23,73932874"
-1030030,"22,80922851","22,29251887","21,03856562","22,05761282","22,36983654","22,87809949","22,74448135","22,96904717","21,59367479","23,72938013","22,01891058","23,43044925","22,77919254","23,71764284","23,26971613","23,19036931","23,35552645","23,69031852","23,063525","23,3687598"
-1030020,"22,60549407","22,1318044","20,93431772","21,77980641","22,18402542","22,66785881","22,57619988","22,78501177","21,48706669","23,54236823","21,85821991","23,18860181","22,5991558","23,46846068","23,04204299","23,05137977","23,11386197","23,50063606","22,88073508","23,2081547"
-1030016,"23,63713886","23,31533451","22,0074418","22,6898058","23,17485333","23,49960256","23,78782536","23,74755099","22,65813038","24,48772405","22,90839025","24,27205999","23,65302603","24,41443196","23,96204518","24,11082127","24,07188447","24,48488156","23,92157713","24,32570303"
-1030006,"23,44661547","23,21497578","21,82929422","22,60429934","23,06566722","23,36682","23,71018193","23,57215504","22,56814388","24,40524537","22,77308809","24,18413248","23,53822836","24,2599224","23,83956669","23,88629133","23,903158","24,28777233","23,76703164","24,1587768"
-1030004,"24,14522089","24,03759045","22,53856842","23,15873352","23,72447062","23,90296828","24,53335605","24,23597519","23,39121892","24,98480231","23,44484392","24,98093973","24,24819806","24,80837592","24,40621185","24,58736685","24,52551281","24,93272793","24,47415107","24,90564702"
-1029994,"23,50558948","23,1015539","21,70796825","22,82970686","23,06672805","23,60690226","23,65567229","23,58163715","22,36845773","24,56190882","22,73986328","24,22340696","23,59148624","24,42550235","24,07905576","24,09625856","23,96795828","24,19412405","23,85477391","24,12680573"
-1029981,"23,40952428","23,11428579","21,6904761","22,66666667","23,0476195","23,4142863","23,7380956","23,50952339","22,48095322","24,44761912","22,71428617","24,20952415","23,49523862","24,26666768","23,89047686","23,83809535","23,87142944","24,16190465","23,67619069","24,01904806"
-1029150,"24,07857227","23,9428587","22,44285679","23,09285736","23,60714245","23,80000019","24,41428661","24,12857151","23,27857208","24,88571453","23,3571434","24,8571434","24,15714359","24,74285698","24,34285736","24,50714302","24,41428566","24,84285736","24,44285679","24,82142925"
-1029147,"23,67142963","22,77857113","21,74285698","23,00714397","23,02857208","23,71428585","23,22142887","23,65714359","22,11428547","24,41428566","22,71428585","24,13571453","23,44285774","24,58571529","24,0357151","23,97142887","24,20714378","24,4285717","23,82142925","24,10000038"
-1029107,"22,36406119","21,4107062","20,42019674","21,6346522","21,6323545","22,35771273","21,73937713","22,33576231","20,68178903","23,01453227","21,31046283","22,66818243","22,04934652","23,17819458","22,63885413","22,56364046","22,83701075","23,08124537","22,45889597","22,75556763"
-1029091,"23,97656376","22,9829545","22,00250014","23,30086766","23,26070769","23,9571206","23,46101159","23,88673423","22,33940593","24,64990605","22,94950765","24,37241455","23,6715551","24,83075001","24,32067607","24,25059488","24,46292335","24,70451639","24,12206304","24,34918101"
-1112275,"20,95714378",21,"19,2142868","20,5714283","20,52857208","20,74285698","21,81428528","21,32857132","20,68571472","22,8571434","20,58571434","22,29999924",21,"22,04285812","21,7857151","21,65714264","21,17142868","21,61428642","21,80000114","22,30000114"
-1112274,"20,17595905","20,52959783","18,4809193","19,36911365","19,59666022","19,53660707","21,06312903","20,29914123","19,89170035","21,88091892","19,93849183","21,21240114","19,97202493","21,31240152","21,04097246","20,80205074","20,25277901","20,95773889","21,03849221","21,46560942"
-1108343,"22,24101307","22,10207645","20,41079928","22,09766792","22,07121065","22,40784396","23,01502776","22,6545938","21,93982178","24,12995655","21,80177501","23,67700353","22,39996239","23,28282341","23,12479227","23,05232152","22,67032262","22,91912035","23,10618171","23,63905506"
-1108341,"20,80388793","20,66123049","18,98952599","20,50458147","20,43306207","20,57599888","21,47576521","21,09036514","20,40411617","22,6760156","20,23306132","21,9757851","20,83268786","21,77568969","21,50441016","21,47601673","20,87598914","21,36147335","21,41877058","22,00457058"
-1108299,"22,2857151","22,15714264","20,45714378","22,14285851","22,11428642","22,48571396","23,05714226","22,70000076",22,"24,17142868","21,8571434","23,75714302","22,45714378","23,32857132","23,18571472","23,08571434","22,72857285","22,97142982","23,15714264","23,70000076"
-1107968,"21,84368933","21,71768584","20,01718191","21,6965909","21,6430907","21,87451867","22,59000288","22,2740302","21,50117472","23,8116332","21,37254599","23,15744773","21,96957966","22,8859275","22,68603169","22,66707918","22,150759","22,50104562","22,65776316","23,19963729"
-1107967,"21,62857246","21,30952454","19,79999987","21,44285711","21,31904793","21,51904806","22,30476252","22,00952466","21,25714302","23,60000038","21,08571434","22,87619082","21,6666673","22,60476176","22,33809535","22,39047686","21,75238101","22,17142868","22,28095309","22,87619082"
-1107382,"21,11428547","21,01428604","19,34285736","20,77142906","20,7142868","20,89285755","21,87142944","21,42857265","20,74285698","23,00000095","20,62857246","22,36428642","21,15714359","22,12857151","21,87857246","21,80000019","21,26428604","21,70714378","21,83571434","22,38571548"
-1107379,"21,55714321","21,43571472","19,68571472","21,33571434","21,30000019","21,49285698","22,32142925","21,97142887","21,25000095","23,47857189","21,12142944","22,87142849","21,64285755","22,59285831","22,3928566","22,32857132","21,82857227","22,20714283","22,32857132","22,90714264"
-1107378,"21,78229059","21,75695923","20,0253346","21,61714394","21,63019155","21,94697847","22,64082712","22,23738381","21,57454049","23,66638486","21,43936142","23,27013874","21,99815891","22,90618644","22,71443493","22,60569711","22,24164874","22,52411529","22,69194326","23,22071582"
-1106840,"21,37142944","21,36428642","19,55714321","21,09285641","21,08571434","21,27857208","22,21428585","21,7857151","21,11428547","23,22857189","21,02857113","22,73571491","21,5","22,47142887","22,25","22,12857151","21,70714283","22,06428623","22,22857189","22,72142887"
-1106825,"21,88571453","21,89999962","20,14999962","21,64285755","21,72857094","22,00714302","22,73571491","22,3214283","21,62142849","23,70714283","21,6071434","23,35000038","22,1071434","22,96428585","22,7857151","22,70714378","22,37142849","22,6071434","22,78571415","23,2857151"
-1106384,"20,89476978","20,93920371","19,15260266","20,48016957","20,46849243","20,65648065","21,74073912","21,24540133","20,6211865","22,78725481","20,52019276","22,21681543","20,93240704","21,969426","21,72768812","21,58519185","21,09072427","21,55241249","21,7215184","22,22795206"
-1106197,"20,61021818","20,49655733","18,83121984","20,24501839","20,1768908","20,3450195","21,37156967","20,9296605","20,3005501","22,53320849","20,12860189","21,87164978","20,63821197","21,62434604","21,37523203","21,29590162","20,71923649","21,21387869","21,3523605","21,88781596"
-1106196,"20,62857151","20,63571453","18,88571453","20,15000057","20,16428661","20,32142925","21,43571472","20,91428661","20,32142925","22,50714302","20,22142982","21,88571453","20,61428642","21,6785717","21,4285717","21,26428699","20,74285698","21,24285698","21,41428566","21,91428566"
-1105513,"20,65007467","20,81101338","18,94312974","20,09594836","20,20823482","20,32899571","21,49811058","20,95501755","20,40267562","22,48899828","20,30475077","21,92031647","20,64086898","21,71192147","21,4978433","21,3140397","20,83181192","21,34034243","21,47626683","21,98065759"
-1105470,"20,44285774","20,72142887","18,71428585","19,76428604","19,95714283","19,99285698","21,29285717","20,63571453","20,17142868","22,20000076","20,15000057","21,59999943","20,33571434","21,55714321","21,3214283","21,11428547","20,55000019","21,15714359","21,29285812","21,77142906"
-1104554,"20,23918418","20,70230525","18,50280225","19,3354667","19,70124234","19,58708915","21,13918025","20,30419118","19,9599248","21,84162349","20,08566546","21,31058235","20,0114977","21,43247643","21,17242325","20,8844666","20,4294382","21,05163415","21,16857962","21,54232826"
-1104547,"20,43048663","20,83258475","18,7081244","19,69886725","19,93875883","19,90875823","21,32429831","20,6266642","20,20815772","22,1034344","20,18469642","21,63106997","20,36032306","21,59187301","21,36477803","21,10427869","20,70231234","21,22341213","21,34199678","21,79598456"
-1103657,"21,37142849","21,54285717","19,65714359","20,95714378","21,12857246","21,28571415","22,24285698","21,77142906","21,15714359","23,11428642","21,08571434","22,75000095","21,56428623","22,38571453","22,22857189","22,13571453","21,75","22,02142906","22,20714283","22,66428566"
-1103656,"20,64285755","20,98571396","18,91428566","20,05000114","20,22857189","20,27142906","21,51428604","20,91428566","20,42142963","22,39285755","20,40000057","21,90714264","20,62857151","21,73571491","21,5357151","21,33571434","20,93571472","21,39999962","21,53571415",22
-1103655,"21,02142906","21,23571396","19,27142906","20,5357151","20,62857246","20,76428604","21,82857227","21,33571434","20,74285698","22,7857151","20,72857189","22,2857151","21,04285812","22,02857208","21,8214283","21,6785717","21,26428604","21,64285755","21,82142925","22,30714321"
-1103654,"20,88571548","21,15714264","19,18571472","20,36428547","20,50714302","20,57857227","21,81428623","21,20714378","20,68571472","22,68571472","20,6785717","22,22857189","20,91428566","21,97857189","21,79285717","21,60000038","21,19285679","21,62142944","21,77142906","22,21428585"
-1101549,"21,75714397","22,00714397","20,19999981","21,12857151","21,47857189","21,60000038","22,69285774","22,1071434","21,5357151","23,31428623","21,54285812","23,11428547","21,97142887","22,79285812","22,60000038","22,54285717","22,25714302","22,48571396","22,59285736","23,01428604"
-1101525,"22,11428547","22,11428642","20,41428566","21,88571453","21,98571491","22,25714302","22,95714378","22,55714321","21,82857227","23,89999962","21,88571453","23,57142925","22,3571434","23,20714283","23,05000019","22,98571491","22,65714359","22,85000038","22,99285698","23,47142887"
-1101524,"22,25182815","22,31958234","20,57371446","21,88644909","22,05484393","22,35814404","23,01750177","22,55633056","21,81508847","23,88097917","21,95565833","23,57864696","22,46212619","23,26980828","23,10457041","23,06892665","22,77782799","22,94401234","23,06759701","23,46989792"
-1099982,"22,00514157","21,94034676","20,23385382","21,87337072","21,86206166","22,23320659","22,82022402","22,44348399","21,77029391","23,88728133","21,61473311","23,49516592","22,21112924","23,09798327","22,93178687","22,82614526","22,47000457","22,72556562","22,90177954","23,43945882"
-1099980,"22,39285755","22,32857227","20,65714359","22,27142906","22,27142811","22,63571453","23,10000038","22,79285717","22,02142906","24,22142887","21,94285679","23,80000019","22,57857227","23,42142963","23,30000114","23,25000095","22,90714359","23,08571434","23,25714302","23,75714302"
-1099978,"22,40263445","22,22706845","20,57275766","22,29940787","22,27898443","22,63609102","23,10726513","22,83247424","22,07112888","24,29834264","21,91713925","23,83183688","22,54042713","23,40056212","23,22180445","23,23225814","22,79790368","23,02434338","23,20127711","23,8003"
-1086559,"22,09821486","21,73750043","20,2571435","22,05000019","22,00892854","22,37321472","22,66607189","22,59464312","21,78392911","24,08571458","21,50714302","23,49107194","22,26428628","23,00000048","22,85357189","22,92500019","22,34107184","22,62142873","22,81607151","23,51428604"
-1086558,"21,00736318","20,80326707","19,19522296","20,73343789","20,64217927","20,79774558","21,70173984","21,32952304","20,62708967","22,93025678","20,46361553","22,2128062","21,04085002","21,99294141","21,72726858","21,72120709","21,08320283","21,5684165","21,64401184","22,23471152"
-1086557,"21,60516937","21,1728814","19,78893401","21,44162989","21,32341769","21,59099518","22,19509351","22,0157313","21,26517515","23,6031162","20,96733153","22,87353141","21,69247189","22,49612137","22,29657465","22,38925712","21,67330852","22,04952976","22,19913967","22,85204228"
-1085908,"20,2857151","20,10000038","18,48571396","19,86428547","19,80714226","19,98571396","21,01428604","20,57142925","19,97857189","22,21428585","19,75714397","21,48571491","20,25","21,25","21,01428509","20,94285774","20,24285698","20,82142925","20,94285774","21,49285793"
-1085907,"20,32700853","20,31204378","18,55856776","19,78210645","19,80220504","19,94717621","21,06120683","20,56333861","20,03898666","22,17558539","19,84686272","21,52439954","20,24857935","21,31382117","21,0565081","20,94011554","20,32087505","20,92856826","21,03585858","21,57543605"
-1084792,"20,21916852","20,46427667","18,55071434","19,58549414","19,70104754","19,78399246","21,0423778","20,45451908","19,95919834","22,01263224","19,86495579","21,41477315","20,12121301","21,30763765","21,03275751","20,86218205","20,2713099","20,91114801","21,02379609","21,53885282"
-1084791,"20,1962595","20,2872477","18,4758623","19,61485247","19,68055766","19,77913878","20,96710588","20,44222134","19,91726027","22,05191735","19,75742287","21,36585258","20,11856487","21,21623545","20,95302539","20,81842104","20,2037527","20,83199117","20,93889327","21,48331278"
-1083662,"20,03734708","20,32158694","18,34501262","19,30147353","19,4340104","19,42083618","20,90049558","20,14818941","19,76315991","21,79095097","19,7666551","21,06579332","19,82654229","21,17729956","20,88549191","20,70652359","19,99690543","20,75921508","20,84411859","21,30212072"
-1077466,"20,12142849","20,50714397","18,40714264","19,28571415","19,53571415","19,44999981","21,02142906","20,22857189","19,85000038","21,80714226","19,89999962","21,16428566","19,91428661","21,26428604","20,99285698","20,75714302","20,2142868","20,90000057",21,"21,41428661"
-3767383,"21,12915474","20,55685113","19,37172057","21,25801644","21,02929993","21,57230172","21,51443161","21,88717118","21,1148687","23,52915436","20,54402267","22,94431343","21,65801606","21,65743379","21,6288617","22,31486757","20,95772417","21,12886359","21,44314887","22,25772529"
-215663,"22,8814291","22,45857162","21,06000061","23,00857162","22,90000057","23,33142891","23,52000027","23,45142899","22,57571468","24,94000053","22,38857155","24,46857204","23,1814291","23,85857162","23,71142864","23,76000061","23,30142899","23,4828577","23,66142883","24,34428577"
-215661,"22,46190484","21,75714302","20,61428579","22,85000038","22,76666705","23,41190465","22,93809541","23,51428636","22,46904818","24,83571529","22,11428579","24,49523862","23,27142906","23,22857157","23,06190491","23,65952428","22,82619095","22,57380994","23,00238164","23,78571447"
-215659,"22,13877569","21,5163269","20,30408233","22,43469429","22,28163338","22,85714313","22,59795925","23,12653106","22,17142923","24,54285785","21,70000049","24,12244906","22,87755149","22,82857186","22,72653089","23,36530658","22,33673477","22,23469407","22,62653106","23,38979612"
-215641,"22,915873","22,3222226","21,10158751","23,21269904","23,10793686","23,70793682","23,46666696","23,80000008","22,8444447","25,22539753","22,49682596","24,74761963","23,57619074","23,82380973","23,64285787","23,99523862","23,33650864","23,25714323","23,59523858","24,32539728"
-215636,"22,41000042","21,92000046","20,57428589","22,54000015","22,41285763","22,87142887","22,96428585","23,09857178","22,17285748","24,57857189","21,84571457","24,06000042","22,78857174","23,27142925","23,13857193","23,32714367","22,71000061","22,86428623","23,15000057","23,83285732"
-215635,"21,36190478","20,65238126","19,50476201","21,68095271","21,50952403","22,10952441","21,76666768","22,42380969","21,44285774","23,79523913","20,97619057","23,51428668","22,19523811","22,00952403","21,91904767","22,67142932","21,41428566","21,38095284","21,73333359","22,57619158"
-215503,"21,73095258","21,12619114","19,93571472","21,92142868","21,75000064","22,3095239","22,14761925","22,61904844","21,74047661","24,13333384","21,21428585","23,64761925","22,36190478","22,34285736","22,29523818","22,92619133","21,7380956","21,80714289","22,14761925","22,94761944"
-215499,"21,31904793","20,77142843","19,53809611","21,46666718","21,28571447","21,78571447","21,76190503","22,1047624","21,31904793","23,72857157","20,77142906","23,11904844","21,87142881","21,94761912","21,8952376","22,49523799","21,22857157","21,44285774","21,7238102","22,50952466"
-215490,"21,59142876","21,06857147","19,78000031","21,7057148","21,56000023","22,01714363","22,04285698","22,3571434","21,54000015","23,93142891","21,02571411","23,29142914","22,06285782","22,30857201","22,24571457","22,6485714","21,61714325","21,90857162","22,13714371","22,86857185"
-215477,"21,29523849","20,63809586","19,56190491","21,51904806","21,29047648","21,89523824","21,67619133","22,20476278","21,39047623","23,77619108","20,82857196","23,31904793","22,03333346","21,87619082","21,86190478","22,61428579","21,18571472","21,28571383","21,62857183","22,4761912"
-215456,"23,11298752","22,56623424","21,27792237","23,32467582","23,18441582","23,71168882","23,72337705","23,79870189","22,88701352","25,30649376","22,64026","24,81688361","23,58441596","24,07922086","23,90519506","24,07532519","23,57272824","23,57662392","23,866234","24,56103932"
-214669,"22,17142868","21,75428619","20,33142853","22,21714325","22,10857162","22,49428635","22,74000015","22,7285717","21,9","24,2485714","21,60000038","23,66000023","22,42571449","23,07142906","22,94285736","23,08571434","22,44000015","22,69142876","22,92571487","23,58571472"
